time;user_name;user_color;message
4;NightWolf;#5F9EA0;vamo que arranc√≥
30;NeoX;#B22222;activo el chat
60;GhostUser;#FF0000;se llen√≥ r√°pido
63;Viewer_01;#9ACD32;sin lag
69;DarkLeo;#FF69B4;pens√© que no llegaba
75;Agus;#0000FF;qu√© onda
82;ChatLover;#B22222;jajaja
83;Speedy;#B22222;tranqui
85;ChatLover;#FF7F50;justo a tiempo
86;Nacho;#0000FF;me perd√≠ mucho?
89;GhostUser;#008000;joya
92;PogMan;#D2691E;chat activo hoy
94;Santi;#1E90FF;buenas noches chat
94;Tomi;#D2691E;qu√© onda
98;Pixelito;#2E8B57;todo bien regor?
100;Cami;#00CED1;se llen√≥ r√°pido
103;Facu;#D2691E;qu√© onda
104;MiniMax;#FF69B4;üòÖ
107;BlueFox;#B22222;vamos
109;Tomi;#9ACD32;lindo setup
110;Viewer_01;#D2691E;joya
118;NightWolf;#FF69B4;de diez
119;Cami;#FF7F50;reci√©n entro
121;LautiPlay;#FF0000;buenas
122;NightWolf;#B22222;buenas
122;Viewer_01;#DAA520;lindo setup
126;Speedy;#8A2BE2;audio ok
134;Speedy;#B22222;buena onda el chat
135;Agus;#1E90FF;jajaja
136;BlueFox;#9ACD32;üòÖ
137;DarkLeo;#DAA520;reci√©n entro
140;LautiPlay;#FF69B4;lindo setup
142;LucasDev;#00CED1;√©pico
144;PogMan;#FF69B4;va re fluido
146;Viewer_01;#B22222;üòÇ
147;GGPlayer;#5F9EA0;vamo que arranc√≥
148;Tomi;#8A2BE2;tranqui
149;Juancho;#008000;jajaja
149;Santi;#FF69B4;todo chill
154;RegorFan;#00FF7F;hay banda de gente
155;Agus;#FF69B4;vamo que arranc√≥
157;PixelMan;#FF7F50;üòÖ
165;Valen;#0000FF;buenas
167;MiniMax;#FF0000;justo a tiempo
167;Juancho;#2E8B57;se ve re bien
167;Mati;#008000;jajaja
170;GGPlayer;#1E90FF;hola gente
172;RandomGuy;#D2691E;vamo que arranc√≥
173;Juancho;#FF7F50;hola
175;Pixelito;#2E8B57;de una
176;Romi;#00CED1;reci√©n entro
177;Facu;#1E90FF;buena onda el chat
177;Mati;#8A2BE2;üòÇ
179;Maxi;#FF0000;tranqui
181;KappaXD;#5F9EA0;piola
182;User123;#FF7F50;est√° live
183;PogMan;#5F9EA0;tranqui
187;RandomGuy;#1E90FF;chat activo hoy
187;ChatLover;#DAA520;de una
188;MiniMax;#0000FF;se ve re bien
192;GGPlayer;#B22222;jajaja
192;ChatLover;#008000;pens√© que no llegaba
195;Juancho;#8A2BE2;chat activo hoy
198;Nacho;#00FF7F;√©pico
200;Cami;#5F9EA0;todo chill
201;BlueFox;#00FF7F;anda joya
201;Pixelito;#DAA520;tranqui
201;Viewer_01;#FF7F50;activo el chat
203;PogMan;#008000;se ve re bien
204;Facu;#008000;de una
206;Mati;#00FF7F;flama
208;RandomGuy;#FF69B4;clean
210;Nico;#00CED1;presente üëã
213;FedeGG;#00FF7F;reci√©n entro
213;RedFire;#9ACD32;anda joya
215;Mati;#8A2BE2;hola
215;LautiPlay;#FF69B4;va re fluido
217;LautiPlay;#9ACD32;justo a tiempo
219;NightWolf;#8A2BE2;de una
221;Pablo;#1E90FF;chat activo hoy
224;RedFire;#0000FF;notificaci√≥n gang üîî
226;FedeGG;#DAA520;tranqui
228;Tomi;#00FF7F;buenas noches chat
229;KappaXD;#FF7F50;va re fluido
230;NightWolf;#008000;clean
233;Speedy;#8A2BE2;flama
233;Facu;#FF0000;buenas
234;Nico;#5F9EA0;buena onda el chat
235;User123;#1E90FF;est√° live
235;NeoX;#00FF7F;presente üëã
236;Seba;#FF7F50;activo el chat
236;User123;#9ACD32;va re fluido
237;PogMan;#9ACD32;me perd√≠ mucho?
242;PixelMan;#0000FF;buena onda el chat
254;Seba;#FF69B4;clean
256;NeoX;#9ACD32;se ve bien
258;Viewer_01;#00FF7F;üòÇ
258;Speedy;#FF0000;llegu√© justo
259;Pablo;#DAA520;ey regor
261;Tomi;#8A2BE2;vamos
262;PogMan;#1E90FF;buenas
266;Cami;#FF7F50;va re fluido
266;KappaXD;#FF69B4;va re fluido
271;Cami;#8A2BE2;audio ok
273;Mati;#00FF7F;chat activo hoy
275;LautiPlay;#5F9EA0;buena onda el chat
276;MiniMax;#DAA520;buena onda el chat
276;NeoX;#008000;√©pico
279;Agus;#FF69B4;va re fluido
281;Tomi;#008000;justo a tiempo
281;Mati;#9ACD32;anda joya
282;Seba;#B22222;tranqui
288;DarkLeo;#5F9EA0;est√° live
294;Juancho;#FF7F50;notificaci√≥n gang üîî
294;Facu;#FF0000;est√° live
294;Viewer_01;#DAA520;buenas noches chat
298;NightWolf;#FF69B4;lindo setup
299;Viewer_01;#B22222;presente üëã
300;DarkLeo;#1E90FF;ac√° andamos
300;RandomGuy;#DAA520;de diez
301;LucasDev;#00FF7F;llegu√© justo
303;FedeGG;#9ACD32;vamo que arranc√≥
308;RedFire;#5F9EA0;se ve re bien
312;Speedy;#FF69B4;buenas noches chat
316;Romi;#B22222;ok
317;Nico;#00FF7F;buenas
319;Facu;#00FF7F;buenas
319;FedeGG;#FF69B4;tremendo
320;RandomGuy;#2E8B57;buenas
320;PogMan;#00CED1;hola regor
321;Seba;#2E8B57;va re fluido
321;GGPlayer;#9ACD32;se ve bien
322;Pablo;#00FF7F;clean
324;Mati;#5F9EA0;ey regor
324;Tomi;#FF7F50;reci√©n entro
335;Pablo;#00FF7F;presente üëã
346;GGPlayer;#9ACD32;piola
349;Tomi;#9ACD32;flama
350;Romi;#8A2BE2;buenas regor!
360;FedeGG;#FF7F50;tremendo
361;LucasDev;#FF7F50;notificaci√≥n gang üîî
368;BlueFox;#DAA520;notificaci√≥n gang üîî
372;Romi;#0000FF;vamo que arranc√≥
373;RegorFan;#2E8B57;clean
377;RandomGuy;#FF69B4;me perd√≠ mucho?
381;User123;#5F9EA0;pens√© que no llegaba
383;RedFire;#008000;buenas noches chat
383;DarkLeo;#FF0000;audio ok
383;Pixelito;#FF69B4;llegu√©
383;Maxi;#DAA520;√©pico
387;ChatLover;#B22222;llegu√©
391;GGPlayer;#2E8B57;chat activo hoy
392;Facu;#FF7F50;tranqui
396;User123;#0000FF;va re fluido
396;User123;#00FF7F;va re fluido
398;FedeGG;#8A2BE2;est√° live
398;PixelMan;#FF0000;chat activo hoy
398;Viewer_01;#FF7F50;buenas regor!
400;Juancho;#9ACD32;vamos
402;DarkLeo;#2E8B57;notificaci√≥n gang üîî
402;LucasDev;#DAA520;anda joya
403;Nico;#2E8B57;buenas
405;Santi;#FF0000;todo bien regor?
406;Juancho;#D2691E;activo el chat
406;GGPlayer;#008000;üòÇ
408;Speedy;#B22222;ac√° andamos
408;Pixelito;#2E8B57;clean
408;Agus;#9ACD32;ya arranc√≥
408;BlueFox;#5F9EA0;jajaja
409;MiniMax;#9ACD32;anda joya
410;PogMan;#FF7F50;qu√© onda
410;LautiPlay;#DAA520;tremendo
411;LautiPlay;#FF69B4;joya
412;Maxi;#D2691E;üòÇ
412;FedeGG;#9ACD32;buenas noches chat
412;Romi;#D2691E;buenas regor!
413;LucasDev;#008000;notificaci√≥n gang üîî
413;Maxi;#8A2BE2;va re fluido
414;Viewer_01;#2E8B57;buenas noches chat
414;PogMan;#00CED1;piola
415;PixelMan;#B22222;reci√©n entro
418;DarkLeo;#D2691E;lindo setup
419;NeoX;#FF0000;activo el chat
421;Seba;#D2691E;hay banda de gente
422;Santi;#00FF7F;todo bien regor?
424;Tomi;#00CED1;hola regor
424;ChatLover;#00FF7F;pens√© que no llegaba
426;Valen;#8A2BE2;pens√© que no llegaba
427;GGPlayer;#5F9EA0;notificaci√≥n gang üîî
427;PixelMan;#FF7F50;buenas noches chat
430;FedeGG;#008000;ya arranc√≥
431;LautiPlay;#FF0000;sin lag
431;RegorFan;#D2691E;hola gente
431;RegorFan;#5F9EA0;justo a tiempo
433;Nacho;#0000FF;clean
435;LucasDev;#8A2BE2;vamo que arranc√≥
438;GGPlayer;#DAA520;buenas regor!
438;DarkLeo;#DAA520;hola regor
440;Nacho;#5F9EA0;hola
445;RandomGuy;#0000FF;anda joya
445;LautiPlay;#5F9EA0;buenas regor!
446;Speedy;#B22222;presente üëã
449;MiniMax;#9ACD32;notificaci√≥n gang üîî
450;ChatLover;#1E90FF;üòÇ
451;Maxi;#DAA520;ac√° andamos
451;RegorFan;#DAA520;piola
452;FedeGG;#0000FF;me perd√≠ mucho?
452;Pablo;#0000FF;notificaci√≥n gang üîî
456;Viewer_01;#B22222;god
462;Santi;#008000;audio ok
463;RandomGuy;#00FF7F;buenas noches chat
463;RedFire;#8A2BE2;hola regor
466;Pixelito;#FF7F50;video ok
466;MiniMax;#00FF7F;buenas
467;Nacho;#0000FF;buenas
468;NeoX;#1E90FF;todo perfecto
468;NightWolf;#9ACD32;video ok
469;PixelMan;#8A2BE2;todo bien regor?
471;PixelMan;#00CED1;todo chill
473;Agus;#8A2BE2;audio ok
474;PogMan;#00FF7F;üòÖ
475;Tomi;#9ACD32;llegu√©
476;RedFire;#FF0000;de una
478;Mati;#008000;hay banda de gente
478;Mati;#2E8B57;ey regor
478;RedFire;#B22222;piola
480;GGPlayer;#2E8B57;sin lag
483;User123;#FF69B4;buenas regor!
484;GhostUser;#00FF7F;xd
486;MiniMax;#8A2BE2;hay banda de gente
486;RandomGuy;#5F9EA0;sin lag
486;NightWolf;#8A2BE2;video ok
489;Seba;#9ACD32;presente üëã
489;Valen;#B22222;presente üëã
491;NightWolf;#FF7F50;hay banda de gente
493;MiniMax;#FF7F50;üòÇ
493;GhostUser;#FF7F50;buenas regor!
493;GhostUser;#DAA520;llegu√© justo
494;LucasDev;#B22222;üòÖ
494;GhostUser;#1E90FF;ac√° andamos
494;MiniMax;#DAA520;ya arranc√≥
496;Cami;#1E90FF;hola regor
500;MiniMax;#00FF7F;de diez
500;Maxi;#DAA520;est√° live
500;RegorFan;#008000;sin lag
501;Valen;#DAA520;pens√© que no llegaba
502;Agus;#00FF7F;üòÖ
503;Nacho;#1E90FF;flama
503;Valen;#2E8B57;me perd√≠ mucho?
504;Facu;#2E8B57;todo perfecto
504;FedeGG;#9ACD32;lindo setup
505;Cami;#FF7F50;activo el chat
511;Pablo;#00CED1;vamos
511;Tomi;#00CED1;notificaci√≥n gang üîî
514;RedFire;#2E8B57;buena onda el chat
515;FedeGG;#B22222;todo chill
515;PogMan;#8A2BE2;notificaci√≥n gang üîî
517;Santi;#D2691E;god
517;Mati;#D2691E;de una
522;RedFire;#FF69B4;todo chill
524;GGPlayer;#FF69B4;ey regor
525;Maxi;#FF0000;vamos
526;MiniMax;#FF69B4;pens√© que no llegaba
527;Speedy;#00CED1;god
530;MiniMax;#5F9EA0;buenas regor!
531;Juancho;#1E90FF;lindo setup
535;GhostUser;#FF69B4;de diez
536;ChatLover;#8A2BE2;jajaja
537;NeoX;#0000FF;llegu√©
540;PixelMan;#1E90FF;hola gente
544;Speedy;#5F9EA0;se ve re bien
546;Seba;#0000FF;ok
547;Mati;#5F9EA0;est√° live
547;Pablo;#008000;buenas regor!
547;Pixelito;#008000;me perd√≠ mucho?
548;LautiPlay;#1E90FF;piola
548;User123;#D2691E;presente üëã
550;Valen;#D2691E;qu√© onda
556;Seba;#0000FF;reci√©n entro
556;Speedy;#B22222;se ve re bien
557;DarkLeo;#FF0000;joya
559;PixelMan;#1E90FF;presente üëã
560;Valen;#2E8B57;jajaja
560;Tomi;#1E90FF;hay banda de gente
561;Seba;#1E90FF;se llen√≥ r√°pido
565;Viewer_01;#9ACD32;activo el chat
565;NeoX;#2E8B57;llegu√©
567;User123;#9ACD32;est√° live
567;LucasDev;#00CED1;reci√©n entro
570;Mati;#1E90FF;ya arranc√≥
570;Viewer_01;#00FF7F;vamo que arranc√≥
573;Viewer_01;#FF69B4;tranqui
574;RedFire;#DAA520;notificaci√≥n gang üîî
574;GhostUser;#9ACD32;piola
577;Viewer_01;#D2691E;buena onda el chat
577;Seba;#2E8B57;ok
577;Speedy;#DAA520;ac√° andamos
578;PixelMan;#DAA520;god
579;RegorFan;#B22222;clean
579;Romi;#0000FF;todo bien regor?
580;LucasDev;#FF69B4;xd
584;RedFire;#0000FF;sin lag
586;BlueFox;#00FF7F;ok
588;GhostUser;#B22222;se llen√≥ r√°pido
588;BlueFox;#D2691E;üòÇ
589;PogMan;#008000;presente üëã
590;Speedy;#00CED1;ey regor
593;Tomi;#00CED1;llegu√©
594;Agus;#9ACD32;hola gente
595;BlueFox;#008000;se ve re bien
599;Juancho;#FF69B4;√©pico
600;RegorFan;#B22222;reci√©n entro
601;Romi;#008000;üòÇ
601;Agus;#5F9EA0;llegu√© justo
603;BlueFox;#B22222;clean
604;RedFire;#2E8B57;√©pico
604;Speedy;#D2691E;hola
606;RandomGuy;#2E8B57;üòÖ
608;Mati;#FF69B4;notificaci√≥n gang üîî
609;FedeGG;#FF0000;buenas noches chat
611;PixelMan;#B22222;justo a tiempo
611;Pixelito;#0000FF;xd
611;MiniMax;#9ACD32;llegu√© justo
611;Juancho;#5F9EA0;buenas regor!
612;ChatLover;#2E8B57;ac√° andamos
613;LucasDev;#D2691E;√©pico
614;RegorFan;#FF0000;sin lag
614;LucasDev;#00FF7F;piola
616;Mati;#5F9EA0;jajaja
617;Tomi;#B22222;se ve bien
618;GhostUser;#8A2BE2;flama
618;Juancho;#2E8B57;justo a tiempo
619;BlueFox;#8A2BE2;√©pico
620;GGPlayer;#9ACD32;lindo setup
620;Romi;#00FF7F;todo bien regor?
620;PixelMan;#FF0000;clean
623;GGPlayer;#FF0000;ey regor
624;Maxi;#0000FF;todo chill
624;Speedy;#00CED1;se ve bien
625;Maxi;#1E90FF;presente üëã
626;NeoX;#D2691E;flama
626;Facu;#B22222;god
627;RandomGuy;#0000FF;joya
627;Viewer_01;#5F9EA0;va re fluido
628;Speedy;#00CED1;todo chill
628;Santi;#DAA520;ya arranc√≥
629;GhostUser;#1E90FF;justo a tiempo
629;Speedy;#5F9EA0;est√° live
630;GhostUser;#FF0000;se ve bien
630;Mati;#B22222;buena onda el chat
630;Pixelito;#FF0000;chat activo hoy
632;PixelMan;#8A2BE2;tranqui
632;PogMan;#D2691E;god
633;GhostUser;#D2691E;va re fluido
634;RedFire;#0000FF;video ok
634;Cami;#5F9EA0;anda joya
636;Maxi;#8A2BE2;buenas regor!
636;Maxi;#2E8B57;vamo que arranc√≥
637;User123;#B22222;llegu√©
637;KappaXD;#8A2BE2;hay banda de gente
638;BlueFox;#1E90FF;se ve bien
638;PogMan;#1E90FF;ey regor
640;NeoX;#00FF7F;todo perfecto
640;NightWolf;#FF7F50;xd
640;Nacho;#00FF7F;pens√© que no llegaba
641;Facu;#0000FF;video ok
641;Seba;#8A2BE2;jajaja
642;Maxi;#5F9EA0;lindo setup
642;Seba;#D2691E;ey regor
643;Nacho;#FF7F50;me perd√≠ mucho?
643;ChatLover;#8A2BE2;todo bien regor?
644;Facu;#2E8B57;clean
645;Tomi;#DAA520;flama
646;Pablo;#2E8B57;ya arranc√≥
647;GhostUser;#008000;ac√° andamos
647;KappaXD;#1E90FF;√©pico
648;Valen;#2E8B57;buenas noches chat
648;LautiPlay;#D2691E;hay banda de gente
649;Speedy;#008000;activo el chat
650;Maxi;#8A2BE2;ok
650;Cami;#FF7F50;buenas noches chat
651;Santi;#9ACD32;llegu√©
652;Maxi;#FF0000;todo bien regor?
655;Romi;#9ACD32;ya arranc√≥
656;Valen;#9ACD32;me perd√≠ mucho?
657;FedeGG;#B22222;se ve bien
657;RedFire;#DAA520;sin lag
662;MiniMax;#8A2BE2;üòÖ
663;Pablo;#FF7F50;de diez
663;NeoX;#8A2BE2;justo a tiempo
668;Nacho;#008000;todo perfecto
668;PixelMan;#00FF7F;ac√° andamos
671;Tomi;#FF0000;lindo setup
671;MiniMax;#1E90FF;piola
675;KappaXD;#2E8B57;buena onda el chat
677;Seba;#008000;vamo que arranc√≥
678;Facu;#DAA520;pens√© que no llegaba
680;Facu;#0000FF;flama
684;GGPlayer;#B22222;todo bien regor?
685;Seba;#9ACD32;reci√©n entro
694;Pablo;#0000FF;lindo setup
696;Viewer_01;#FF7F50;xd
699;KappaXD;#B22222;se llen√≥ r√°pido
700;ChatLover;#FF7F50;√©pico
706;Pixelito;#2E8B57;va re fluido
707;MiniMax;#0000FF;todo perfecto
707;User123;#FF0000;ya arranc√≥
711;LautiPlay;#FF0000;xd
714;MiniMax;#DAA520;piola
717;Nacho;#00CED1;tranqui
723;Seba;#9ACD32;activo el chat
727;MiniMax;#FF7F50;qu√© onda
727;BlueFox;#D2691E;lindo setup
730;Romi;#B22222;todo perfecto
734;Seba;#00CED1;ey regor
734;Santi;#B22222;todo bien regor?
736;Juancho;#00CED1;de diez
741;Romi;#FF69B4;hola regor
744;KappaXD;#1E90FF;buenas noches chat
747;GhostUser;#8A2BE2;est√° live
751;Santi;#B22222;üòÇ
752;MiniMax;#D2691E;chat activo hoy
755;DarkLeo;#D2691E;buenas noches chat
757;PogMan;#5F9EA0;de una
757;Mati;#008000;llegu√© justo
758;RedFire;#00FF7F;xd
759;PogMan;#2E8B57;ey regor
763;GhostUser;#9ACD32;xd
764;KappaXD;#FF7F50;lindo setup
767;GGPlayer;#5F9EA0;chat activo hoy
770;Mati;#00FF7F;se ve re bien
770;GhostUser;#FF69B4;todo perfecto
773;Valen;#FF7F50;hola
773;PogMan;#FF69B4;se llen√≥ r√°pido
774;Romi;#2E8B57;qu√© onda
774;Juancho;#008000;god
774;Speedy;#2E8B57;ey regor
776;Seba;#FF0000;chat activo hoy
778;Santi;#FF69B4;√©pico
781;Romi;#1E90FF;flama
781;NightWolf;#FF69B4;anda joya
782;Romi;#0000FF;todo perfecto
783;Pixelito;#D2691E;piola
785;DarkLeo;#9ACD32;lindo setup
785;Cami;#8A2BE2;hola gente
785;GhostUser;#0000FF;de diez
786;DarkLeo;#00FF7F;xd
787;Mati;#1E90FF;tranqui
788;Cami;#D2691E;vamo que arranc√≥
790;DarkLeo;#8A2BE2;jajaja
791;Cami;#5F9EA0;justo a tiempo
794;NightWolf;#B22222;√©pico
794;Romi;#FF0000;reci√©n entro
794;LautiPlay;#0000FF;se llen√≥ r√°pido
797;Facu;#9ACD32;buenas regor!
798;Pablo;#0000FF;me perd√≠ mucho?
798;Nacho;#008000;buenas
798;Seba;#FF69B4;ok
799;Juancho;#1E90FF;activo el chat
800;BlueFox;#D2691E;piola
800;FedeGG;#5F9EA0;todo perfecto
801;Valen;#B22222;de diez
802;RandomGuy;#FF69B4;god
804;Cami;#2E8B57;qu√© onda
804;Maxi;#FF0000;me perd√≠ mucho?
806;User123;#008000;ac√° andamos
806;Agus;#5F9EA0;ya arranc√≥
806;Speedy;#00CED1;ok
808;RandomGuy;#9ACD32;hay banda de gente
810;Tomi;#00CED1;ya arranc√≥
811;GGPlayer;#5F9EA0;reci√©n entro
814;MiniMax;#DAA520;va re fluido
814;LautiPlay;#008000;tremendo
817;RedFire;#0000FF;ac√° andamos
817;NightWolf;#8A2BE2;todo chill
821;Santi;#FF0000;ya arranc√≥
824;Facu;#2E8B57;chat activo hoy
825;Romi;#B22222;se ve bien
828;Seba;#FF0000;tremendo
829;NeoX;#8A2BE2;notificaci√≥n gang üîî
829;Tomi;#8A2BE2;vamo que arranc√≥
830;FedeGG;#008000;buenas
832;Nico;#DAA520;god
833;MiniMax;#FF0000;hola gente
834;KappaXD;#5F9EA0;jajaja
837;Nacho;#9ACD32;ey regor
837;MiniMax;#D2691E;buenas regor!
838;GhostUser;#B22222;buenas
839;Speedy;#00FF7F;me perd√≠ mucho?
852;Pixelito;#DAA520;se llen√≥ r√°pido
853;KappaXD;#FF7F50;video ok
853;Valen;#B22222;buenas noches chat
855;Santi;#0000FF;flama
858;RandomGuy;#5F9EA0;video ok
860;PixelMan;#D2691E;audio ok
861;Pixelito;#008000;hola gente
863;ChatLover;#5F9EA0;buena onda el chat
865;Agus;#9ACD32;jajaja
865;Mati;#2E8B57;llegu√© justo
867;GhostUser;#FF0000;todo perfecto
867;Juancho;#1E90FF;de una
868;MiniMax;#9ACD32;buena onda el chat
868;Cami;#2E8B57;todo chill
868;RedFire;#D2691E;lindo setup
869;PogMan;#5F9EA0;todo bien regor?
870;Maxi;#5F9EA0;justo a tiempo
871;Valen;#FF0000;üòÖ
871;Mati;#D2691E;piola
872;RegorFan;#9ACD32;clean
873;User123;#00CED1;hola
873;NeoX;#5F9EA0;lindo setup
873;Agus;#FF0000;god
873;NeoX;#00CED1;buenas regor!
874;Juancho;#FF69B4;justo a tiempo
874;FedeGG;#FF69B4;video ok
875;Pixelito;#0000FF;tremendo
875;Cami;#FF0000;vamo que arranc√≥
877;RandomGuy;#B22222;ac√° andamos
878;MiniMax;#1E90FF;est√° live
879;Santi;#8A2BE2;video ok
879;RandomGuy;#8A2BE2;presente üëã
879;BlueFox;#DAA520;vamos
880;Viewer_01;#5F9EA0;god
881;KappaXD;#00FF7F;de diez
881;Speedy;#FF69B4;joya
881;Nacho;#FF0000;buenas noches chat
882;PixelMan;#FF0000;üòÖ
882;Tomi;#9ACD32;audio ok
882;Nacho;#FF0000;pens√© que no llegaba
883;Nico;#FF7F50;activo el chat
883;Romi;#DAA520;qu√© onda
883;Speedy;#D2691E;xd
884;Pixelito;#DAA520;üòÖ
884;LucasDev;#0000FF;hola gente
884;Santi;#9ACD32;tranqui
884;GhostUser;#D2691E;pens√© que no llegaba
885;User123;#5F9EA0;presente üëã
885;Speedy;#FF0000;ok
885;Juancho;#D2691E;justo a tiempo
886;PogMan;#008000;ac√° andamos
886;GhostUser;#FF7F50;de diez
887;RegorFan;#D2691E;me perd√≠ mucho?
887;NeoX;#B22222;flama
887;Tomi;#2E8B57;llegu√© justo
887;Pablo;#1E90FF;llegu√© justo
888;Pablo;#9ACD32;god
888;NeoX;#DAA520;ya arranc√≥
888;MiniMax;#00FF7F;hola gente
889;LucasDev;#B22222;tremendo
889;RegorFan;#FF7F50;notificaci√≥n gang üîî
890;Pablo;#1E90FF;hola
890;LucasDev;#2E8B57;reci√©n entro
890;PogMan;#2E8B57;ac√° andamos
891;Viewer_01;#008000;notificaci√≥n gang üîî
892;Pixelito;#5F9EA0;va re fluido
892;RandomGuy;#00FF7F;buena onda el chat
892;Mati;#FF0000;ok
893;RandomGuy;#FF7F50;joya
893;PogMan;#2E8B57;todo chill
893;LautiPlay;#00FF7F;se llen√≥ r√°pido
894;PogMan;#00FF7F;notificaci√≥n gang üîî
894;RegorFan;#B22222;qu√© onda
895;Cami;#8A2BE2;justo a tiempo
895;Santi;#008000;ey regor
895;Seba;#9ACD32;ya arranc√≥
897;Nacho;#FF7F50;justo a tiempo
898;Cami;#FF7F50;sin lag
899;DarkLeo;#1E90FF;todo perfecto
899;ChatLover;#8A2BE2;pens√© que no llegaba
900;Nacho;#9ACD32;pens√© que no llegaba
900;Facu;#FF0000;jajaja
900;LautiPlay;#2E8B57;se ve re bien
900;MiniMax;#DAA520;buena onda el chat
901;Nacho;#5F9EA0;audio ok
901;User123;#DAA520;qu√© onda
901;Nacho;#9ACD32;tranqui
901;Agus;#9ACD32;pens√© que no llegaba
901;Speedy;#008000;clean
902;NeoX;#5F9EA0;vamo que arranc√≥
903;LucasDev;#0000FF;audio ok
903;PixelMan;#FF69B4;anda joya
904;RandomGuy;#B22222;justo a tiempo
904;Tomi;#008000;hay banda de gente
904;Speedy;#FF69B4;est√° live
905;Nico;#008000;lindo setup
905;PixelMan;#2E8B57;hay banda de gente
906;Mati;#DAA520;notificaci√≥n gang üîî
906;Viewer_01;#FF69B4;se llen√≥ r√°pido
906;Pixelito;#8A2BE2;de una
906;Seba;#5F9EA0;üòÇ
907;GGPlayer;#008000;ok
907;Agus;#9ACD32;clean
908;GhostUser;#8A2BE2;ac√° andamos
908;Pablo;#D2691E;de diez
908;Seba;#DAA520;buenas regor!
909;DarkLeo;#0000FF;hola regor
909;RandomGuy;#8A2BE2;de una
909;FedeGG;#1E90FF;buena onda el chat
910;DarkLeo;#008000;chat activo hoy
910;RegorFan;#D2691E;me perd√≠ mucho?
910;GGPlayer;#0000FF;piola
912;Romi;#1E90FF;me perd√≠ mucho?
913;NightWolf;#5F9EA0;chat activo hoy
914;NightWolf;#FF7F50;chat activo hoy
914;Pixelito;#0000FF;notificaci√≥n gang üîî
916;Nacho;#8A2BE2;pens√© que no llegaba
916;LucasDev;#0000FF;todo chill
918;Speedy;#8A2BE2;se ve re bien
919;GhostUser;#D2691E;va re fluido
920;Seba;#008000;hola gente
922;ChatLover;#FF7F50;presente üëã
925;Maxi;#008000;god
926;Romi;#5F9EA0;lindo setup
926;Pixelito;#FF7F50;va re fluido
931;PogMan;#00CED1;sin lag
931;NeoX;#5F9EA0;hola gente
932;GGPlayer;#1E90FF;hola gente
934;LucasDev;#8A2BE2;ya arranc√≥
934;Nacho;#0000FF;joya
936;Nico;#B22222;joya
936;RedFire;#FF0000;de una
936;BlueFox;#D2691E;de una
938;Romi;#00FF7F;tranqui
939;BlueFox;#FF69B4;√©pico
941;KappaXD;#DAA520;justo a tiempo
941;RandomGuy;#FF69B4;xd
943;RegorFan;#0000FF;activo el chat
943;DarkLeo;#DAA520;video ok
943;Speedy;#00FF7F;tranqui
944;Valen;#00CED1;hola regor
944;Pixelito;#1E90FF;justo a tiempo
946;Juancho;#9ACD32;chat activo hoy
947;LautiPlay;#9ACD32;jajaja
951;Maxi;#1E90FF;todo chill
951;FedeGG;#008000;se llen√≥ r√°pido
952;NightWolf;#5F9EA0;se ve bien
952;NeoX;#B22222;audio ok
952;Mati;#2E8B57;audio ok
955;Speedy;#00CED1;flama
955;MiniMax;#00FF7F;anda joya
955;PogMan;#B22222;ya arranc√≥
956;Santi;#5F9EA0;se llen√≥ r√°pido
956;RegorFan;#FF0000;hay banda de gente
959;Viewer_01;#00FF7F;video ok
959;PixelMan;#FF0000;buenas
959;PogMan;#1E90FF;buenas noches chat
959;Pablo;#1E90FF;me perd√≠ mucho?
959;RedFire;#9ACD32;anda joya
959;RedFire;#DAA520;lindo setup
960;Viewer_01;#008000;presente üëã
961;GGPlayer;#9ACD32;buena onda el chat
961;NightWolf;#008000;me perd√≠ mucho?
961;DarkLeo;#9ACD32;me perd√≠ mucho?
962;KappaXD;#8A2BE2;hola regor
962;Nico;#00CED1;hola regor
962;Cami;#8A2BE2;ya arranc√≥
963;ChatLover;#0000FF;ya arranc√≥
963;Mati;#FF0000;pens√© que no llegaba
963;LautiPlay;#2E8B57;clean
963;Seba;#DAA520;clean
963;MiniMax;#00FF7F;de una
963;GhostUser;#FF0000;presente üëã
963;RegorFan;#0000FF;llegu√©
964;LucasDev;#0000FF;ac√° andamos
964;LautiPlay;#8A2BE2;justo a tiempo
965;PixelMan;#00CED1;tranqui
966;Tomi;#FF0000;vamo que arranc√≥
966;MiniMax;#FF0000;pens√© que no llegaba
966;PogMan;#B22222;flama
966;Valen;#D2691E;llegu√© justo
969;Agus;#FF0000;ok
971;Valen;#FF7F50;me perd√≠ mucho?
971;Valen;#2E8B57;buena onda el chat
971;Cami;#2E8B57;qu√© onda
972;ChatLover;#D2691E;se ve re bien
973;DarkLeo;#DAA520;joya
973;Santi;#D2691E;buenas regor!
974;Maxi;#9ACD32;tranqui
974;LucasDev;#DAA520;üòÇ
977;Speedy;#9ACD32;flama
980;DarkLeo;#5F9EA0;qu√© onda
980;ChatLover;#B22222;llegu√©
982;RedFire;#FF0000;chat activo hoy
983;LautiPlay;#FF7F50;todo chill
985;Tomi;#DAA520;reci√©n entro
985;Agus;#1E90FF;se ve bien
986;RandomGuy;#5F9EA0;de una
988;PogMan;#8A2BE2;llegu√©
988;Romi;#FF7F50;hola gente
990;DarkLeo;#008000;est√° live
991;Mati;#DAA520;pens√© que no llegaba
996;Speedy;#1E90FF;buenas
997;FedeGG;#9ACD32;notificaci√≥n gang üîî
998;Romi;#9ACD32;ya arranc√≥
998;PixelMan;#00CED1;flama
999;Nico;#2E8B57;god
1000;PixelMan;#DAA520;hola regor
1002;NeoX;#5F9EA0;buenas regor!
1004;User123;#DAA520;hay banda de gente
1005;RegorFan;#2E8B57;hay banda de gente
1008;PixelMan;#D2691E;qu√© onda
1008;LautiPlay;#FF0000;vamos
1008;Facu;#5F9EA0;llegu√©
1008;Nico;#FF7F50;llegu√© justo
1010;Cami;#9ACD32;presente üëã
1011;Santi;#9ACD32;pens√© que no llegaba
1011;User123;#FF7F50;vamos
1012;Juancho;#8A2BE2;se ve re bien
1012;GGPlayer;#FF69B4;üòÖ
1015;PogMan;#8A2BE2;notificaci√≥n gang üîî
1017;Nacho;#0000FF;vamo que arranc√≥
1018;Viewer_01;#008000;todo chill
1019;Cami;#FF7F50;hola regor
1020;NeoX;#B22222;todo perfecto
1021;LucasDev;#DAA520;reci√©n entro
1022;Nico;#DAA520;clean
1023;RedFire;#5F9EA0;todo bien regor?
1023;DarkLeo;#008000;vamos
1024;Nacho;#0000FF;buenas noches chat
1024;User123;#FF7F50;hola gente
1026;DarkLeo;#B22222;chat activo hoy
1027;Juancho;#1E90FF;buenas noches chat
1027;DarkLeo;#008000;lindo setup
1029;Mati;#008000;video ok
1030;Romi;#FF69B4;jajaja
1033;LautiPlay;#B22222;piola
1033;RandomGuy;#FF7F50;buena onda el chat
1034;Seba;#D2691E;est√° live
1035;PogMan;#5F9EA0;todo perfecto
1036;Nico;#FF0000;tremendo
1036;PogMan;#008000;√©pico
1036;Romi;#FF7F50;hola regor
1037;FedeGG;#1E90FF;buenas
1037;Valen;#00CED1;llegu√© justo
1040;MiniMax;#008000;lindo setup
1041;RedFire;#D2691E;god
1042;Santi;#2E8B57;llegu√© justo
1043;Santi;#00FF7F;reci√©n entro
1043;LucasDev;#FF69B4;reci√©n entro
1045;Valen;#00FF7F;jajaja
1045;RandomGuy;#00FF7F;qu√© onda
1046;DarkLeo;#00FF7F;se ve bien
1047;Agus;#FF0000;vamos
1047;ChatLover;#00CED1;pens√© que no llegaba
1048;PogMan;#00CED1;pens√© que no llegaba
1048;Cami;#D2691E;üòÖ
1048;Maxi;#0000FF;√©pico
1048;PixelMan;#0000FF;lindo setup
1049;Nacho;#00CED1;llegu√©
1049;Tomi;#1E90FF;buenas noches chat
1049;Valen;#FF7F50;va re fluido
1049;LautiPlay;#D2691E;clean
1050;LucasDev;#DAA520;pens√© que no llegaba
1050;NeoX;#D2691E;tremendo
1051;Facu;#DAA520;√©pico
1051;Nacho;#2E8B57;de diez
1051;RandomGuy;#00FF7F;xd
1051;Nico;#B22222;ey regor
1052;RandomGuy;#1E90FF;notificaci√≥n gang üîî
1052;BlueFox;#2E8B57;se llen√≥ r√°pido
1052;PixelMan;#FF0000;todo perfecto
1052;Pablo;#008000;video ok
1053;Mati;#008000;notificaci√≥n gang üîî
1053;Valen;#FF0000;vamo que arranc√≥
1053;FedeGG;#D2691E;activo el chat
1054;Romi;#2E8B57;reci√©n entro
1055;ChatLover;#9ACD32;va re fluido
1055;RegorFan;#8A2BE2;ok
1057;NightWolf;#00FF7F;est√° live
1057;NeoX;#0000FF;hola regor
1057;Agus;#9ACD32;audio ok
1058;Agus;#8A2BE2;est√° live
1058;RandomGuy;#B22222;ok
1058;PogMan;#00CED1;est√° live
1059;Viewer_01;#00CED1;ac√° andamos
1060;NeoX;#00CED1;joya
1062;DarkLeo;#D2691E;sin lag
1063;ChatLover;#D2691E;presente üëã
1063;NeoX;#FF69B4;de diez
1064;PixelMan;#9ACD32;clean
1065;PixelMan;#FF7F50;anda joya
1065;User123;#008000;üòÖ
1067;Juancho;#B22222;llegu√©
1067;Agus;#FF0000;√©pico
1067;LucasDev;#FF0000;me perd√≠ mucho?
1068;Romi;#B22222;notificaci√≥n gang üîî
1068;Mati;#008000;ya arranc√≥
1073;Speedy;#FF0000;jajaja
1074;KappaXD;#FF7F50;hola
1075;Cami;#8A2BE2;buena onda el chat
1075;GhostUser;#FF69B4;buena onda el chat
1080;BlueFox;#B22222;hola
1085;Speedy;#0000FF;de una
1087;Valen;#2E8B57;todo perfecto
1087;Juancho;#1E90FF;lindo setup
1087;Facu;#008000;todo chill
1088;Facu;#FF7F50;jajaja
1088;Agus;#DAA520;todo bien regor?
1090;LucasDev;#008000;est√° live
1091;Seba;#0000FF;todo bien regor?
1091;Seba;#8A2BE2;notificaci√≥n gang üîî
1092;Santi;#FF69B4;ya arranc√≥
1093;Valen;#0000FF;xd
1093;RandomGuy;#DAA520;buenas
1093;RandomGuy;#D2691E;llegu√© justo
1093;Pixelito;#8A2BE2;lindo setup
1094;Pixelito;#5F9EA0;chat activo hoy
1094;Facu;#00CED1;de una
1095;Viewer_01;#00FF7F;todo perfecto
1103;GGPlayer;#00CED1;justo a tiempo
1104;Facu;#9ACD32;hola regor
1104;Seba;#008000;lindo setup
1105;Pablo;#FF7F50;chat activo hoy
1106;Maxi;#1E90FF;god
1106;Speedy;#00CED1;de diez
1106;RegorFan;#B22222;justo a tiempo
1106;GGPlayer;#FF69B4;se ve re bien
1107;RegorFan;#DAA520;vamos
1107;Speedy;#00FF7F;todo perfecto
1108;LautiPlay;#1E90FF;tranqui
1109;Nico;#DAA520;buena onda el chat
1109;ChatLover;#FF7F50;buenas noches chat
1110;Juancho;#FF69B4;üòÇ
1110;Pablo;#8A2BE2;de diez
1110;User123;#FF0000;todo perfecto
1111;Facu;#1E90FF;me perd√≠ mucho?
1112;LautiPlay;#2E8B57;llegu√©
1113;GhostUser;#9ACD32;presente üëã
1116;Valen;#008000;est√° live
1121;RedFire;#5F9EA0;se ve re bien
1123;Tomi;#00CED1;va re fluido
1124;Agus;#5F9EA0;llegu√© justo
1125;Cami;#B22222;jajaja
1126;NeoX;#5F9EA0;buenas
1126;Speedy;#FF7F50;va re fluido
1129;FedeGG;#0000FF;anda joya
1132;Agus;#9ACD32;xd
1134;Pablo;#B22222;ey regor
1134;MiniMax;#008000;tremendo
1141;Nico;#FF7F50;lindo setup
1143;Nico;#0000FF;qu√© onda
1144;ChatLover;#B22222;pens√© que no llegaba
1145;Nico;#5F9EA0;joya
1146;Seba;#FF7F50;vamo que arranc√≥
1146;PixelMan;#00FF7F;ey regor
1147;Pixelito;#FF7F50;reci√©n entro
1149;Mati;#D2691E;llegu√©
1151;RandomGuy;#0000FF;flama
1152;RedFire;#008000;ey regor
1153;Pixelito;#D2691E;ya arranc√≥
1153;Agus;#00FF7F;de una
1153;Valen;#B22222;qu√© onda
1153;Cami;#FF7F50;todo bien regor?
1154;NightWolf;#D2691E;hola gente
1155;LautiPlay;#0000FF;audio ok
1156;Pablo;#00FF7F;de una
1156;Agus;#0000FF;anda joya
1157;BlueFox;#5F9EA0;chat activo hoy
1158;DarkLeo;#00FF7F;video ok
1158;Cami;#2E8B57;god
1159;Maxi;#2E8B57;audio ok
1160;NeoX;#B22222;buenas regor!
1160;Viewer_01;#B22222;piola
1162;Romi;#9ACD32;chat activo hoy
1162;RandomGuy;#008000;qu√© onda
1163;Pablo;#8A2BE2;buenas
1163;NeoX;#9ACD32;qu√© onda
1164;User123;#FF0000;jajaja
1165;DarkLeo;#9ACD32;ey regor
1169;BlueFox;#B22222;hay banda de gente
1171;Viewer_01;#00CED1;god
1171;Viewer_01;#1E90FF;ok
1171;DarkLeo;#00FF7F;tranqui
1172;Santi;#FF69B4;lindo setup
1172;LucasDev;#FF0000;audio ok
1173;Speedy;#0000FF;justo a tiempo
1173;Tomi;#FF69B4;tranqui
1177;Nico;#FF7F50;se ve re bien
1179;ChatLover;#00FF7F;est√° live
1179;PogMan;#0000FF;lindo setup
1180;GhostUser;#0000FF;me perd√≠ mucho?
1180;Pablo;#0000FF;hay banda de gente
1180;NightWolf;#DAA520;est√° live
1183;Facu;#D2691E;jajaja
1186;Mati;#0000FF;lindo setup
1189;Maxi;#FF7F50;se ve bien
1194;Tomi;#FF69B4;presente üëã
1194;LautiPlay;#9ACD32;me perd√≠ mucho?
1195;PixelMan;#B22222;ac√° andamos
1196;PixelMan;#B22222;activo el chat
1200;Santi;#D2691E;sin lag
1201;NightWolf;#D2691E;se ve bien
1203;Romi;#2E8B57;god
1203;Nacho;#008000;tremendo
1204;Valen;#5F9EA0;anda joya
1205;Nacho;#FF69B4;va re fluido
1206;LautiPlay;#FF69B4;de una
1207;PixelMan;#008000;tremendo
1211;Valen;#00FF7F;god
1212;BlueFox;#1E90FF;sin lag
1212;BlueFox;#D2691E;justo a tiempo
1214;User123;#DAA520;video ok
1215;PogMan;#9ACD32;hay banda de gente
1217;Seba;#1E90FF;hay banda de gente
1218;FedeGG;#D2691E;video ok
1222;GGPlayer;#FF0000;sin lag
1223;Seba;#D2691E;se llen√≥ r√°pido
1224;PogMan;#1E90FF;flama
1225;LucasDev;#FF7F50;üòÇ
1226;Mati;#008000;est√° live
1228;NightWolf;#FF0000;clean
1229;Santi;#FF69B4;buena onda el chat
1229;Agus;#00FF7F;√©pico
1230;LautiPlay;#00CED1;pens√© que no llegaba
1233;DarkLeo;#DAA520;ok
1236;Speedy;#D2691E;ac√° andamos
1237;RandomGuy;#008000;chat activo hoy
1238;Tomi;#B22222;todo bien regor?
1239;KappaXD;#2E8B57;hola gente
1240;RedFire;#0000FF;video ok
1240;BlueFox;#D2691E;ok
1241;Speedy;#008000;ey regor
1243;FedeGG;#5F9EA0;justo a tiempo
1244;FedeGG;#FF69B4;de una
1245;Speedy;#FF69B4;tremendo
1249;Juancho;#00CED1;god
1251;Cami;#DAA520;god
1252;Nacho;#FF7F50;reci√©n entro
1254;GGPlayer;#DAA520;hola regor
1255;Pablo;#1E90FF;todo bien regor?
1255;NightWolf;#D2691E;reci√©n entro
1256;RedFire;#00FF7F;todo perfecto
1256;NightWolf;#1E90FF;hola regor
1258;Cami;#D2691E;flama
1259;Speedy;#9ACD32;notificaci√≥n gang üîî
1261;User123;#FF0000;joya
1262;NightWolf;#008000;chat activo hoy
1262;Seba;#008000;buenas
1263;RedFire;#00FF7F;de diez
1264;Cami;#00FF7F;buena onda el chat
1264;RedFire;#2E8B57;ok
1265;Agus;#008000;qu√© onda
1265;DarkLeo;#FF69B4;flama
1266;User123;#00FF7F;buena onda el chat
1266;RegorFan;#D2691E;se llen√≥ r√°pido
1267;GGPlayer;#B22222;hay banda de gente
1269;Valen;#00FF7F;est√° live
1269;PogMan;#D2691E;de diez
1269;Agus;#2E8B57;ya arranc√≥
1271;LucasDev;#8A2BE2;vamos
1275;Seba;#00CED1;activo el chat
1275;GGPlayer;#FF7F50;√©pico
1279;Juancho;#8A2BE2;ya arranc√≥
1279;Agus;#8A2BE2;buenas regor!
1281;DarkLeo;#1E90FF;activo el chat
1282;Speedy;#DAA520;llegu√©
1286;Santi;#008000;llegu√© justo
1288;FedeGG;#008000;sin lag
1290;PogMan;#9ACD32;va re fluido
1291;RandomGuy;#00CED1;ac√° andamos
1291;Santi;#00CED1;de una
1295;DarkLeo;#008000;me perd√≠ mucho?
1296;NightWolf;#1E90FF;xd
1296;MiniMax;#00FF7F;jajaja
1298;DarkLeo;#D2691E;sin lag
1301;Seba;#0000FF;buenas regor!
1303;Speedy;#FF0000;hola
1309;NeoX;#5F9EA0;hay banda de gente
1309;User123;#D2691E;god
1311;GhostUser;#D2691E;anda joya
1312;KappaXD;#2E8B57;tranqui
1313;Agus;#D2691E;audio ok
1313;User123;#DAA520;ya arranc√≥
1314;Speedy;#FF0000;jajaja
1314;User123;#008000;hola
1314;RedFire;#00CED1;flama
1315;Speedy;#5F9EA0;üòÖ
1316;Pixelito;#008000;me perd√≠ mucho?
1318;MiniMax;#2E8B57;se ve re bien
1321;Juancho;#2E8B57;reci√©n entro
1321;Pablo;#9ACD32;sin lag
1321;Romi;#9ACD32;tranqui
1322;RegorFan;#FF0000;se ve bien
1323;Pixelito;#5F9EA0;hola gente
1325;Agus;#5F9EA0;ey regor
1326;Agus;#1E90FF;llegu√© justo
1326;Seba;#00CED1;vamos
1327;Viewer_01;#2E8B57;lindo setup
1328;Nico;#008000;piola
1328;Tomi;#2E8B57;hola gente
1331;DarkLeo;#00FF7F;reci√©n entro
1335;FedeGG;#9ACD32;me perd√≠ mucho?
1336;LautiPlay;#1E90FF;xd
1336;Nico;#00FF7F;llegu√©
1340;Viewer_01;#2E8B57;hay banda de gente
1342;PogMan;#1E90FF;activo el chat
1342;FedeGG;#0000FF;llegu√©
1344;Maxi;#9ACD32;chat activo hoy
1345;NightWolf;#0000FF;reci√©n entro
1349;Nico;#8A2BE2;vamos
1349;LucasDev;#00CED1;video ok
1350;MiniMax;#008000;de diez
1350;DarkLeo;#00FF7F;flama
1351;Cami;#1E90FF;audio ok
1353;MiniMax;#9ACD32;ey regor
1354;Speedy;#9ACD32;de una
1355;RedFire;#D2691E;anda joya
1355;RandomGuy;#5F9EA0;vamo que arranc√≥
1364;RegorFan;#00CED1;chat activo hoy
1366;PixelMan;#00FF7F;video ok
1366;Mati;#8A2BE2;lindo setup
1368;GGPlayer;#0000FF;llegu√© justo
1372;Valen;#1E90FF;sin lag
1378;Viewer_01;#FF7F50;llegu√©
1378;BlueFox;#2E8B57;activo el chat
1380;GGPlayer;#8A2BE2;hay banda de gente
1383;KappaXD;#FF69B4;se ve re bien
1384;LucasDev;#1E90FF;clean
1385;FedeGG;#8A2BE2;buenas
1386;PixelMan;#B22222;se llen√≥ r√°pido
1386;Speedy;#DAA520;hay banda de gente
1387;MiniMax;#FF69B4;justo a tiempo
1388;MiniMax;#008000;hay banda de gente
1389;Speedy;#00CED1;jajaja
1390;LautiPlay;#2E8B57;hola regor
1396;NeoX;#00CED1;chat activo hoy
1398;Facu;#5F9EA0;va re fluido
1398;Facu;#DAA520;üòÇ
1406;LucasDev;#8A2BE2;de diez
1408;NightWolf;#FF7F50;hola regor
1409;Seba;#00FF7F;tranqui
1412;KappaXD;#B22222;god
1414;Speedy;#D2691E;ok
1416;Tomi;#0000FF;piola
1418;Nacho;#DAA520;llegu√© justo
1419;FedeGG;#00FF7F;√©pico
1422;LucasDev;#1E90FF;tranqui
1422;Nico;#8A2BE2;chat activo hoy
1425;Romi;#B22222;activo el chat
1426;NeoX;#FF0000;tremendo
1427;Nico;#FF0000;√©pico
1431;Seba;#00FF7F;buenas regor!
1431;NeoX;#D2691E;üòÖ
1431;Mati;#00FF7F;todo chill
1432;Juancho;#FF0000;√©pico
1433;MiniMax;#FF7F50;buena onda el chat
1433;RegorFan;#DAA520;sin lag
1433;RegorFan;#FF69B4;üòÖ
1445;RegorFan;#00FF7F;ac√° andamos
1446;Seba;#FF7F50;me perd√≠ mucho?
1446;Tomi;#9ACD32;se ve re bien
1447;Nacho;#FF0000;√©pico
1452;Romi;#5F9EA0;todo perfecto
1453;NightWolf;#FF69B4;clean
1454;RegorFan;#FF7F50;hola gente
1454;GhostUser;#1E90FF;se llen√≥ r√°pido
1454;Romi;#8A2BE2;xd
1455;Valen;#FF7F50;activo el chat
1456;Viewer_01;#00CED1;presente üëã
1456;LautiPlay;#FF7F50;presente üëã
1460;RandomGuy;#B22222;qu√© onda
1460;Valen;#00CED1;buenas
1462;Romi;#9ACD32;buenas regor!
1467;MiniMax;#008000;de diez
1469;Facu;#00FF7F;sin lag
1472;BlueFox;#D2691E;sin lag
1473;Facu;#5F9EA0;pens√© que no llegaba
1473;Maxi;#FF69B4;hay banda de gente
1476;PogMan;#0000FF;hola regor
1482;Facu;#2E8B57;me perd√≠ mucho?
1484;Juancho;#DAA520;tremendo
1492;Romi;#FF7F50;justo a tiempo
1492;BlueFox;#D2691E;de diez
1493;Tomi;#5F9EA0;üòÖ
1494;Viewer_01;#5F9EA0;activo el chat
1495;LautiPlay;#D2691E;se ve re bien
1495;Santi;#00FF7F;hola regor
1497;PogMan;#8A2BE2;activo el chat
1499;Cami;#B22222;se ve re bien
1500;RedFire;#D2691E;llegu√©
1504;Nico;#D2691E;clean
1506;RegorFan;#D2691E;notificaci√≥n gang üîî
1507;Tomi;#D2691E;joya
1509;Valen;#FF0000;todo bien regor?
1513;KappaXD;#9ACD32;justo a tiempo
1516;Nico;#FF0000;se llen√≥ r√°pido
1523;MiniMax;#B22222;notificaci√≥n gang üîî
1524;DarkLeo;#0000FF;xd
1526;Seba;#2E8B57;god
1526;Mati;#DAA520;se ve bien
1526;GGPlayer;#008000;üòÖ
1528;LucasDev;#B22222;notificaci√≥n gang üîî
1528;PixelMan;#D2691E;video ok
1528;Agus;#00CED1;notificaci√≥n gang üîî
1529;Cami;#D2691E;audio ok
1529;User123;#00CED1;jajaja
1538;Pablo;#DAA520;clean
1542;FedeGG;#B22222;jajaja
1542;Tomi;#00CED1;ya arranc√≥
1543;RedFire;#00CED1;joya
1543;Nico;#FF0000;activo el chat
1549;ChatLover;#DAA520;video ok
1550;RandomGuy;#00FF7F;chat activo hoy
1551;LucasDev;#1E90FF;activo el chat
1554;ChatLover;#9ACD32;justo a tiempo
1554;Maxi;#1E90FF;video ok
1557;GhostUser;#B22222;lindo setup
1557;RedFire;#00FF7F;se ve re bien
1558;User123;#2E8B57;vamo que arranc√≥
1564;Viewer_01;#FF7F50;buenas noches chat
1567;GhostUser;#DAA520;hola gente
1567;PixelMan;#008000;god
1569;RegorFan;#1E90FF;üòÇ
1569;LucasDev;#008000;jajaja
1570;PogMan;#008000;reci√©n entro
1570;Speedy;#00CED1;activo el chat
1570;NightWolf;#B22222;flama
1572;Cami;#D2691E;chat activo hoy
1573;LautiPlay;#FF7F50;presente üëã
1573;Maxi;#5F9EA0;hola gente
1574;Juancho;#9ACD32;todo bien regor?
1574;Tomi;#00CED1;vamos
1575;BlueFox;#2E8B57;de diez
1575;User123;#8A2BE2;hola
1576;RegorFan;#00FF7F;tremendo
1576;FedeGG;#8A2BE2;flama
1576;RandomGuy;#9ACD32;chat activo hoy
1578;Santi;#2E8B57;va re fluido
1579;User123;#FF7F50;me perd√≠ mucho?
1579;DarkLeo;#5F9EA0;anda joya
1579;Romi;#00CED1;lindo setup
1580;Pablo;#8A2BE2;joya
1582;Nico;#D2691E;audio ok
1584;Speedy;#0000FF;anda joya
1588;User123;#8A2BE2;me perd√≠ mucho?
1588;Juancho;#00CED1;√©pico
1589;MiniMax;#008000;piola
1589;Tomi;#00FF7F;llegu√© justo
1589;Pixelito;#B22222;va re fluido
1590;Romi;#008000;ok
1590;Valen;#0000FF;god
1590;ChatLover;#5F9EA0;ok
1590;RandomGuy;#DAA520;me perd√≠ mucho?
1591;Speedy;#2E8B57;reci√©n entro
1592;GhostUser;#B22222;buena onda el chat
1596;Nico;#00FF7F;jajaja
1599;Viewer_01;#2E8B57;buenas noches chat
1606;Viewer_01;#FF0000;clean
1606;Seba;#008000;god
1607;Nacho;#B22222;lindo setup
1607;Mati;#1E90FF;anda joya
1608;Agus;#FF0000;de una
1608;KappaXD;#00CED1;hola gente
1608;Pablo;#5F9EA0;lindo setup
1611;DarkLeo;#2E8B57;presente üëã
1612;PixelMan;#0000FF;hay banda de gente
1615;Facu;#9ACD32;buenas noches chat
1615;Speedy;#00FF7F;√©pico
1617;User123;#0000FF;üòÇ
1618;Seba;#FF69B4;tremendo
1619;ChatLover;#DAA520;üòÇ
1629;Valen;#FF0000;ya arranc√≥
1634;Valen;#2E8B57;buena onda el chat
1635;PogMan;#9ACD32;buenas regor!
1637;LautiPlay;#5F9EA0;buena onda el chat
1638;KappaXD;#B22222;flama
1638;LucasDev;#00CED1;pens√© que no llegaba
1639;FedeGG;#B22222;qu√© onda
1642;RedFire;#FF69B4;vamos
1642;RedFire;#FF0000;activo el chat
1643;PogMan;#FF0000;god
1644;PogMan;#00FF7F;clean
1645;RedFire;#D2691E;sin lag
1646;User123;#B22222;reci√©n entro
1647;PixelMan;#2E8B57;todo perfecto
1647;Valen;#00CED1;video ok
1648;Viewer_01;#D2691E;hola
1651;RegorFan;#00FF7F;notificaci√≥n gang üîî
1651;BlueFox;#DAA520;hola regor
1652;Santi;#DAA520;ac√° andamos
1653;Tomi;#1E90FF;va re fluido
1657;Romi;#B22222;ya arranc√≥
1661;RegorFan;#5F9EA0;presente üëã
1667;PixelMan;#8A2BE2;justo a tiempo
1668;Nacho;#1E90FF;me perd√≠ mucho?
1668;Romi;#00CED1;va re fluido
1670;DarkLeo;#FF0000;buenas
1671;Juancho;#00CED1;todo bien regor?
1673;GGPlayer;#2E8B57;lindo setup
1673;GGPlayer;#D2691E;xd
1679;NightWolf;#00FF7F;tranqui
1683;NeoX;#FF69B4;de una
1684;FedeGG;#008000;hola
1688;MiniMax;#B22222;todo chill
1691;NeoX;#0000FF;flama
1692;GGPlayer;#0000FF;lindo setup
1695;Maxi;#008000;todo chill
1696;BlueFox;#9ACD32;llegu√©
1697;Agus;#8A2BE2;lindo setup
1697;Santi;#0000FF;ey regor
1697;Seba;#5F9EA0;se ve bien
1698;RedFire;#8A2BE2;buenas
1699;RedFire;#00CED1;vamos
1699;GhostUser;#FF0000;anda joya
1701;Agus;#00CED1;hola gente
1702;Pixelito;#00FF7F;va re fluido
1704;Santi;#5F9EA0;todo perfecto
1705;RandomGuy;#FF0000;üòÇ
1705;Nacho;#9ACD32;pens√© que no llegaba
1706;Juancho;#5F9EA0;hola
1707;KappaXD;#DAA520;se llen√≥ r√°pido
1708;Nico;#1E90FF;se ve re bien
1709;Viewer_01;#2E8B57;hay banda de gente
1712;Cami;#2E8B57;tremendo
1713;Nico;#00CED1;est√° live
1716;Mati;#0000FF;flama
1719;GGPlayer;#FF69B4;activo el chat
1725;NeoX;#DAA520;me perd√≠ mucho?
1726;RegorFan;#5F9EA0;buena onda el chat
1727;Agus;#2E8B57;pens√© que no llegaba
1728;NeoX;#0000FF;hola gente
1728;Nico;#008000;ey regor
1728;LucasDev;#1E90FF;ac√° andamos
1730;Mati;#00FF7F;ey regor
1730;RedFire;#008000;llegu√© justo
1731;Facu;#DAA520;god
1732;Nacho;#00CED1;pens√© que no llegaba
1732;Maxi;#00FF7F;vamo que arranc√≥
1734;Nico;#DAA520;activo el chat
1735;Cami;#8A2BE2;god
1735;LucasDev;#00FF7F;buena onda el chat
1737;NightWolf;#00FF7F;sin lag
1737;MiniMax;#FF0000;buenas noches chat
1738;RandomGuy;#2E8B57;buenas
1738;Nico;#1E90FF;hola regor
1740;Maxi;#00CED1;ya arranc√≥
1740;RedFire;#2E8B57;piola
1742;Seba;#8A2BE2;jajaja
1742;Valen;#FF0000;jajaja
1744;NightWolf;#FF69B4;hola gente
1746;KappaXD;#008000;clean
1747;NightWolf;#00FF7F;todo perfecto
1749;ChatLover;#FF69B4;ya arranc√≥
1750;LucasDev;#00CED1;clean
1752;Santi;#5F9EA0;se ve re bien
1757;FedeGG;#00CED1;piola
1757;Juancho;#DAA520;de una
1761;User123;#9ACD32;llegu√©
1763;RandomGuy;#D2691E;üòÖ
1764;Nico;#00CED1;ey regor
1765;BlueFox;#D2691E;se ve bien
1766;Nacho;#FF69B4;se ve re bien
1766;NeoX;#FF69B4;se llen√≥ r√°pido
1768;Nico;#008000;todo bien regor?
1769;BlueFox;#8A2BE2;hola gente
1771;DarkLeo;#FF0000;vamos
1771;Speedy;#DAA520;est√° live
1772;LautiPlay;#FF0000;lindo setup
1774;NightWolf;#FF0000;tremendo
1775;Mati;#B22222;hola regor
1777;Juancho;#00FF7F;notificaci√≥n gang üîî
1778;ChatLover;#008000;audio ok
1778;Speedy;#8A2BE2;video ok
1778;ChatLover;#00FF7F;hola gente
1781;Cami;#2E8B57;est√° live
1781;Valen;#FF7F50;est√° live
1782;NightWolf;#B22222;flama
1785;Nico;#1E90FF;tremendo
1785;Pixelito;#008000;audio ok
1787;LautiPlay;#8A2BE2;todo chill
1788;MiniMax;#DAA520;buenas
1788;Pablo;#B22222;god
1789;RandomGuy;#2E8B57;üòÖ
1789;Pixelito;#9ACD32;pens√© que no llegaba
1791;Agus;#D2691E;audio ok
1791;Pablo;#B22222;√©pico
1791;Santi;#2E8B57;todo perfecto
1793;Agus;#9ACD32;pens√© que no llegaba
1793;NightWolf;#D2691E;tremendo
1794;Santi;#2E8B57;buenas regor!
1796;Seba;#D2691E;jajaja
1796;ChatLover;#2E8B57;lindo setup
1799;DarkLeo;#B22222;buena onda el chat
1801;Nacho;#0000FF;se ve re bien
1802;BlueFox;#8A2BE2;joya
1804;Pixelito;#00CED1;qu√© onda
1805;Mati;#0000FF;presente üëã
1805;MiniMax;#FF7F50;joya
1806;Nico;#008000;video ok
1807;Pixelito;#9ACD32;activo el chat
1807;RegorFan;#0000FF;de una
1808;Santi;#FF69B4;√©pico
1808;NeoX;#8A2BE2;sin lag
1810;PixelMan;#8A2BE2;vamo que arranc√≥
1813;NeoX;#5F9EA0;vamo que arranc√≥
1816;LucasDev;#1E90FF;video ok
1816;Tomi;#B22222;audio ok
1818;Nico;#DAA520;de diez
1818;Speedy;#FF7F50;notificaci√≥n gang üîî
1823;User123;#5F9EA0;de diez
1829;PogMan;#9ACD32;joya
1831;Facu;#2E8B57;hola
1833;Speedy;#2E8B57;buenas
1834;Mati;#0000FF;chat activo hoy
1834;Viewer_01;#FF69B4;tremendo
1835;LucasDev;#0000FF;hola regor
1838;Pixelito;#FF7F50;se ve re bien
1842;Mati;#2E8B57;video ok
1844;Maxi;#8A2BE2;hola gente
1844;NightWolf;#8A2BE2;de una
1846;Mati;#00CED1;ya arranc√≥
1847;Juancho;#1E90FF;ya arranc√≥
1847;FedeGG;#8A2BE2;√©pico
1848;NeoX;#FF7F50;hola gente
1850;GGPlayer;#FF0000;joya
1851;RedFire;#FF7F50;reci√©n entro
1851;PogMan;#008000;hola
1851;Pixelito;#00FF7F;se ve re bien
1853;Valen;#9ACD32;hay banda de gente
1854;Juancho;#DAA520;joya
1856;Facu;#DAA520;va re fluido
1856;PogMan;#D2691E;de una
1856;RandomGuy;#008000;vamo que arranc√≥
1858;Tomi;#D2691E;justo a tiempo
1860;Speedy;#5F9EA0;jajaja
1860;FedeGG;#00CED1;buena onda el chat
1864;Speedy;#2E8B57;de una
1867;DarkLeo;#FF69B4;ac√° andamos
1871;RandomGuy;#0000FF;se ve bien
1871;RandomGuy;#00FF7F;hay banda de gente
1872;Speedy;#B22222;üòÖ
1872;Cami;#8A2BE2;lindo setup
1873;Nico;#00FF7F;se ve bien
1874;Viewer_01;#5F9EA0;clean
1875;NeoX;#FF0000;tremendo
1882;Pixelito;#DAA520;jajaja
1883;Viewer_01;#00CED1;vamo que arranc√≥
1883;Valen;#00CED1;ok
1886;MiniMax;#FF7F50;tranqui
1886;Agus;#5F9EA0;buenas regor!
1888;Pixelito;#9ACD32;reci√©n entro
1888;RegorFan;#00CED1;qu√© onda
1889;Facu;#8A2BE2;todo chill
1889;RandomGuy;#D2691E;audio ok
1890;Facu;#00FF7F;buenas regor!
1892;Cami;#008000;god
1892;RedFire;#00FF7F;buenas
1893;Nico;#FF7F50;flama
1894;Pablo;#2E8B57;todo bien regor?
1894;Pablo;#5F9EA0;lindo setup
1896;LucasDev;#FF69B4;se llen√≥ r√°pido
1896;BlueFox;#FF69B4;tremendo
1898;Seba;#FF7F50;me perd√≠ mucho?
1898;Juancho;#8A2BE2;todo perfecto
1898;Agus;#9ACD32;anda joya
1898;GGPlayer;#5F9EA0;üòÇ
1901;MiniMax;#FF7F50;xd
1902;Pablo;#2E8B57;pens√© que no llegaba
1902;Agus;#FF7F50;presente üëã
1903;ChatLover;#00CED1;de diez
1907;Nico;#00FF7F;buena onda el chat
1908;NeoX;#FF69B4;activo el chat
1908;PogMan;#FF69B4;todo perfecto
1908;Cami;#9ACD32;llegu√© justo
1913;PogMan;#DAA520;buenas noches chat
1913;User123;#8A2BE2;lindo setup
1914;Romi;#D2691E;lindo setup
1914;BlueFox;#008000;reci√©n entro
1915;Pablo;#D2691E;reci√©n entro
1915;MiniMax;#8A2BE2;tremendo
1923;PixelMan;#1E90FF;vamos
1927;Pixelito;#5F9EA0;joya
1929;PixelMan;#DAA520;buenas noches chat
1931;Seba;#D2691E;todo bien regor?
1932;RegorFan;#8A2BE2;activo el chat
1936;Cami;#FF69B4;todo chill
1939;Tomi;#FF69B4;presente üëã
1943;Nacho;#FF0000;piola
1944;GhostUser;#FF69B4;ey regor
1945;Tomi;#2E8B57;est√° live
1945;Nacho;#D2691E;buena onda el chat
1946;FedeGG;#9ACD32;jajaja
1946;Speedy;#2E8B57;flama
1949;KappaXD;#0000FF;de diez
1949;Pixelito;#B22222;buenas
1951;Mati;#0000FF;anda joya
1951;Romi;#00FF7F;pens√© que no llegaba
1955;GGPlayer;#2E8B57;presente üëã
1956;Facu;#008000;de una
1960;Juancho;#5F9EA0;tremendo
1960;Romi;#9ACD32;hola gente
1961;Valen;#B22222;ok
1961;RandomGuy;#D2691E;tranqui
1967;Tomi;#8A2BE2;anda joya
1968;BlueFox;#1E90FF;me perd√≠ mucho?
1971;NightWolf;#FF0000;todo perfecto
1972;RandomGuy;#5F9EA0;tremendo
1973;Romi;#FF7F50;hola
1974;Facu;#00FF7F;est√° live
1974;Speedy;#FF7F50;god
1974;Romi;#00FF7F;audio ok
1980;Nico;#00CED1;todo chill
1982;PixelMan;#0000FF;piola
1986;NeoX;#00CED1;reci√©n entro
1987;PogMan;#00FF7F;llegu√© justo
1989;Speedy;#9ACD32;anda joya
1990;Speedy;#D2691E;audio ok
1990;Cami;#1E90FF;anda joya
1990;Seba;#2E8B57;llegu√© justo
1992;GGPlayer;#B22222;chat activo hoy
1993;NightWolf;#B22222;sin lag
1993;Tomi;#00CED1;buenas regor!
1994;Nacho;#FF0000;qu√© onda
1995;NeoX;#FF7F50;justo a tiempo
1995;Seba;#8A2BE2;me perd√≠ mucho?
1996;Facu;#FF0000;ey regor
1998;LucasDev;#FF0000;buenas noches chat
1998;NeoX;#5F9EA0;llegu√©
1999;User123;#FF0000;√©pico
2001;Valen;#1E90FF;qu√© onda
2001;Facu;#FF0000;ey regor
2003;KappaXD;#8A2BE2;buenas regor!
2003;Santi;#FF69B4;llegu√©
2005;Nico;#2E8B57;de diez
2008;Nico;#2E8B57;hola
2008;Romi;#0000FF;reci√©n entro
2009;Agus;#DAA520;buenas regor!
2011;RedFire;#DAA520;√©pico
2012;LucasDev;#FF0000;de una
2012;Agus;#1E90FF;piola
2014;Facu;#00CED1;vamos
2015;Santi;#B22222;qu√© onda
2018;User123;#FF7F50;va re fluido
2018;DarkLeo;#B22222;de una
2019;Seba;#00CED1;ey regor
2022;Pixelito;#5F9EA0;se ve re bien
2023;Romi;#B22222;hola
2024;Viewer_01;#008000;xd
2025;Tomi;#FF7F50;de una
2031;Valen;#8A2BE2;me perd√≠ mucho?
2031;RegorFan;#D2691E;lindo setup
2038;GGPlayer;#B22222;est√° live
2041;ChatLover;#FF0000;qu√© onda
2042;Pablo;#FF69B4;tranqui
2043;GGPlayer;#FF69B4;ac√° andamos
2045;PixelMan;#008000;todo chill
2047;Nico;#D2691E;ac√° andamos
2052;RandomGuy;#B22222;joya
2059;Valen;#1E90FF;sin lag
2060;NightWolf;#0000FF;tremendo
2061;PixelMan;#DAA520;tranqui
2062;NightWolf;#FF69B4;hola regor
2062;FedeGG;#FF0000;joya
2063;RegorFan;#00FF7F;llegu√© justo
2065;Mati;#00CED1;buena onda el chat
2066;Agus;#008000;llegu√© justo
2067;User123;#0000FF;activo el chat
2068;Facu;#9ACD32;buena onda el chat
2070;NightWolf;#0000FF;tremendo
2070;Valen;#2E8B57;todo bien regor?
2071;Maxi;#00CED1;llegu√©
2072;PogMan;#0000FF;ey regor
2073;LucasDev;#008000;me perd√≠ mucho?
2074;GGPlayer;#0000FF;reci√©n entro
2074;Santi;#008000;hola
2078;KappaXD;#2E8B57;god
2079;Speedy;#8A2BE2;buenas noches chat
2079;NeoX;#FF0000;buenas noches chat
2080;Nacho;#00FF7F;vamos
2081;NightWolf;#00FF7F;todo chill
2084;ChatLover;#D2691E;buena onda el chat
2085;Nacho;#D2691E;de una
2086;RandomGuy;#B22222;buenas regor!
2089;PogMan;#B22222;de una
2090;Romi;#5F9EA0;üòÇ
2091;LucasDev;#DAA520;de una
2091;Nacho;#FF0000;buena onda el chat
2091;PixelMan;#0000FF;est√° live
2093;Pixelito;#FF0000;me perd√≠ mucho?
2093;Tomi;#0000FF;de diez
2093;Cami;#DAA520;reci√©n entro
2093;Agus;#8A2BE2;se ve bien
2095;Santi;#D2691E;todo bien regor?
2096;Nacho;#FF0000;anda joya
2097;Santi;#FF69B4;lindo setup
2097;BlueFox;#8A2BE2;xd
2099;Maxi;#8A2BE2;god
2101;Speedy;#FF69B4;god
2103;Agus;#D2691E;vamos
2104;Mati;#B22222;hay banda de gente
2105;Maxi;#0000FF;anda joya
2107;Nico;#5F9EA0;buenas noches chat
2108;ChatLover;#1E90FF;de diez
2114;MiniMax;#B22222;reci√©n entro
2119;Juancho;#2E8B57;üòÖ
2119;Maxi;#D2691E;est√° live
2124;Pablo;#1E90FF;üòÇ
2124;Seba;#B22222;audio ok
2126;MiniMax;#FF7F50;xd
2128;Mati;#FF69B4;se llen√≥ r√°pido
2129;MiniMax;#DAA520;justo a tiempo
2131;FedeGG;#00CED1;activo el chat
2137;NeoX;#00FF7F;tremendo
2137;Nacho;#008000;notificaci√≥n gang üîî
2139;BlueFox;#8A2BE2;buenas regor!
2139;User123;#2E8B57;llegu√©
2143;Pixelito;#D2691E;ey regor
2145;LucasDev;#9ACD32;todo chill
2148;Romi;#1E90FF;flama
2148;Valen;#00CED1;ok
2149;Pixelito;#5F9EA0;chat activo hoy
2149;Cami;#DAA520;qu√© onda
2151;LucasDev;#B22222;ya arranc√≥
2156;Mati;#0000FF;va re fluido
2156;MiniMax;#008000;audio ok
2158;RedFire;#2E8B57;sin lag
2158;Mati;#008000;lindo setup
2158;FedeGG;#00FF7F;hola gente
2159;PixelMan;#9ACD32;va re fluido
2162;Seba;#00CED1;hola regor
2163;Valen;#2E8B57;hay banda de gente
2163;FedeGG;#008000;activo el chat
2163;User123;#FF0000;todo chill
2164;Mati;#0000FF;pens√© que no llegaba
2164;Tomi;#B22222;ac√° andamos
2164;Viewer_01;#0000FF;vamos
2165;GGPlayer;#B22222;buenas noches chat
2165;LautiPlay;#008000;buena onda el chat
2166;RedFire;#FF69B4;buenas
2167;DarkLeo;#2E8B57;video ok
2171;GGPlayer;#9ACD32;de una
2172;LucasDev;#0000FF;vamo que arranc√≥
2172;Santi;#8A2BE2;se ve bien
2175;Mati;#00FF7F;hola gente
2175;Juancho;#9ACD32;god
2176;Cami;#FF69B4;hola gente
2180;Tomi;#FF0000;jajaja
2181;GhostUser;#B22222;video ok
2185;RegorFan;#00FF7F;ey regor
2191;Nico;#0000FF;flama
2193;Valen;#B22222;hay banda de gente
2196;Juancho;#00FF7F;qu√© onda
2197;NeoX;#D2691E;ac√° andamos
2198;Viewer_01;#008000;va re fluido
2199;ChatLover;#9ACD32;flama
2199;Agus;#5F9EA0;vamo que arranc√≥
2203;Romi;#FF69B4;god
2205;Cami;#8A2BE2;presente üëã
2207;Cami;#B22222;ey regor
2210;RedFire;#5F9EA0;ac√° andamos
2213;Romi;#8A2BE2;joya
2213;ChatLover;#DAA520;audio ok
2215;Mati;#FF69B4;chat activo hoy
2216;NeoX;#D2691E;üòÖ
2216;ChatLover;#2E8B57;sin lag
2217;BlueFox;#0000FF;hola regor
2218;Mati;#00CED1;pens√© que no llegaba
2219;Tomi;#00CED1;llegu√©
2221;GGPlayer;#1E90FF;se llen√≥ r√°pido
2223;Seba;#00FF7F;vamos
2224;DarkLeo;#B22222;qu√© onda
2224;RegorFan;#0000FF;xd
2224;Mati;#00FF7F;todo bien regor?
2225;NeoX;#FF69B4;hola regor
2225;Santi;#00CED1;qu√© onda
2226;Facu;#D2691E;üòÖ
2227;PogMan;#5F9EA0;üòÖ
2229;PixelMan;#0000FF;de una
2231;RedFire;#9ACD32;jajaja
2232;User123;#FF69B4;buena onda el chat
2232;Romi;#9ACD32;sin lag
2233;Valen;#0000FF;se ve re bien
2233;FedeGG;#B22222;tranqui
2233;Valen;#B22222;üòÖ
2233;Pablo;#008000;vamos
2234;GhostUser;#0000FF;ac√° andamos
2236;NightWolf;#9ACD32;activo el chat
2237;Santi;#FF7F50;lindo setup
2239;Santi;#8A2BE2;xd
2241;GGPlayer;#00FF7F;pens√© que no llegaba
2242;Nico;#FF7F50;god
2245;Nacho;#D2691E;ok
2245;Santi;#D2691E;ya arranc√≥
2245;Nacho;#8A2BE2;buena onda el chat
2246;Mati;#DAA520;√©pico
2247;Seba;#00FF7F;√©pico
2248;FedeGG;#1E90FF;todo bien regor?
2249;GGPlayer;#FF0000;ey regor
2249;GhostUser;#DAA520;me perd√≠ mucho?
2252;MiniMax;#9ACD32;de diez
2255;Facu;#00CED1;qu√© onda
2255;RandomGuy;#FF69B4;piola
2257;PixelMan;#5F9EA0;todo chill
2258;Pixelito;#1E90FF;qu√© onda
2260;Seba;#00FF7F;de diez
2261;Juancho;#FF69B4;hay banda de gente
2262;Juancho;#9ACD32;piola
2262;RandomGuy;#FF0000;se llen√≥ r√°pido
2264;PixelMan;#1E90FF;justo a tiempo
2266;RedFire;#9ACD32;clean
2267;Valen;#8A2BE2;hola
2271;Nacho;#8A2BE2;xd
2272;RandomGuy;#B22222;joya
2274;KappaXD;#00CED1;tranqui
2275;Pixelito;#008000;buenas noches chat
2275;GGPlayer;#8A2BE2;audio ok
2275;KappaXD;#008000;ya arranc√≥
2278;Valen;#D2691E;anda joya
2278;Speedy;#FF7F50;llegu√©
2278;RandomGuy;#DAA520;todo bien regor?
2279;NightWolf;#FF0000;god
2279;Cami;#FF69B4;activo el chat
2280;Viewer_01;#2E8B57;√©pico
2282;Facu;#5F9EA0;üòÖ
2282;RedFire;#B22222;audio ok
2283;Mati;#FF0000;video ok
2283;RedFire;#008000;justo a tiempo
2284;PogMan;#00FF7F;üòÖ
2284;DarkLeo;#008000;reci√©n entro
2284;Cami;#5F9EA0;todo chill
2285;Juancho;#9ACD32;√©pico
2285;RandomGuy;#FF7F50;anda joya
2285;Cami;#00FF7F;tremendo
2285;Agus;#5F9EA0;ey regor
2286;ChatLover;#0000FF;se ve bien
2286;RedFire;#FF7F50;xd
2286;Mati;#D2691E;audio ok
2287;Santi;#008000;reci√©n entro
2287;User123;#5F9EA0;se ve bien
2287;PogMan;#2E8B57;hola regor
2288;Maxi;#FF7F50;se llen√≥ r√°pido
2288;RegorFan;#B22222;üòÖ
2289;Viewer_01;#1E90FF;me perd√≠ mucho?
2289;Santi;#FF69B4;hola
2290;Tomi;#DAA520;video ok
2290;Valen;#00FF7F;notificaci√≥n gang üîî
2290;RegorFan;#5F9EA0;flama
2290;GGPlayer;#00FF7F;xd
2292;Agus;#8A2BE2;tremendo
2293;NeoX;#D2691E;va re fluido
2294;Tomi;#FF7F50;vamo que arranc√≥
2294;KappaXD;#1E90FF;ac√° andamos
2294;RegorFan;#DAA520;hola regor
2295;Maxi;#FF69B4;buenas
2295;Romi;#FF0000;se ve bien
2296;Seba;#1E90FF;xd
2296;Valen;#FF0000;ey regor
2296;RandomGuy;#00FF7F;flama
2297;Mati;#008000;xd
2297;GGPlayer;#5F9EA0;est√° live
2298;Nico;#FF7F50;me perd√≠ mucho?
2298;MiniMax;#5F9EA0;todo chill
2301;PogMan;#2E8B57;tranqui
2301;NeoX;#008000;buenas
2302;Nacho;#B22222;tranqui
2303;Pablo;#FF7F50;üòÖ
2303;Maxi;#00CED1;ya arranc√≥
2303;Maxi;#00FF7F;reci√©n entro
2304;RedFire;#8A2BE2;ok
2304;NightWolf;#B22222;de diez
2305;User123;#9ACD32;presente üëã
2305;FedeGG;#008000;se llen√≥ r√°pido
2308;Seba;#8A2BE2;se ve bien
2308;ChatLover;#B22222;pens√© que no llegaba
2308;Pixelito;#1E90FF;üòÖ
2309;NightWolf;#B22222;vamo que arranc√≥
2309;Pablo;#00FF7F;todo perfecto
2310;Cami;#FF69B4;hay banda de gente
2310;User123;#FF7F50;joya
2313;FedeGG;#DAA520;god
2315;LucasDev;#FF69B4;se ve re bien
2315;Pablo;#9ACD32;todo chill
2317;DarkLeo;#5F9EA0;clean
2318;PixelMan;#2E8B57;de diez
2319;KappaXD;#00CED1;clean
2320;Valen;#0000FF;de diez
2321;KappaXD;#9ACD32;qu√© onda
2323;LautiPlay;#5F9EA0;audio ok
2323;RandomGuy;#FF69B4;llegu√© justo
2323;Juancho;#FF7F50;de una
2327;Tomi;#008000;qu√© onda
2327;NeoX;#FF69B4;hola regor
2330;PixelMan;#FF7F50;üòÖ
2331;Cami;#8A2BE2;est√° live
2333;Romi;#1E90FF;hay banda de gente
2337;NightWolf;#DAA520;anda joya
2337;Seba;#D2691E;todo perfecto
2338;KappaXD;#5F9EA0;ey regor
2338;DarkLeo;#FF0000;joya
2342;Tomi;#2E8B57;hola gente
2342;ChatLover;#B22222;justo a tiempo
2342;Tomi;#FF0000;buenas noches chat
2345;Mati;#D2691E;jajaja
2347;Valen;#FF69B4;se llen√≥ r√°pido
2349;Pablo;#D2691E;buenas
2350;Speedy;#FF7F50;todo perfecto
2350;Santi;#8A2BE2;hay banda de gente
2350;NightWolf;#8A2BE2;se ve bien
2351;RedFire;#FF7F50;flama
2352;PogMan;#2E8B57;üòÖ
2352;Pixelito;#B22222;ey regor
2353;Cami;#D2691E;reci√©n entro
2355;NeoX;#FF7F50;jajaja
2356;NightWolf;#1E90FF;chat activo hoy
2359;Pablo;#D2691E;buena onda el chat
2360;Romi;#FF0000;ey regor
2361;LucasDev;#FF69B4;se ve bien
2361;Agus;#D2691E;buenas
2362;LucasDev;#DAA520;ac√° andamos
2364;Pablo;#FF0000;buenas
2365;User123;#DAA520;notificaci√≥n gang üîî
2366;Romi;#DAA520;justo a tiempo
2367;LucasDev;#008000;justo a tiempo
2374;LucasDev;#00FF7F;piola
2375;GhostUser;#00CED1;buenas noches chat
2379;Pablo;#2E8B57;llegu√© justo
2386;Maxi;#008000;de una
2390;RandomGuy;#0000FF;chat activo hoy
2390;NightWolf;#00CED1;est√° live
2393;Nico;#1E90FF;hay banda de gente
2394;Agus;#2E8B57;ey regor
2396;BlueFox;#008000;llegu√© justo
2398;FedeGG;#FF69B4;sin lag
2400;Nacho;#FF7F50;ok
2401;Maxi;#00CED1;clean
2405;NeoX;#00CED1;llegu√©
2407;Agus;#008000;audio ok
2408;Santi;#1E90FF;god
2409;KappaXD;#2E8B57;se llen√≥ r√°pido
2409;Nico;#00CED1;flama
2414;User123;#FF0000;tremendo
2417;Agus;#FF69B4;justo a tiempo
2422;Facu;#B22222;reci√©n entro
2422;Nico;#B22222;buena onda el chat
2429;RandomGuy;#2E8B57;clean
2429;Nacho;#00FF7F;√©pico
2435;Speedy;#2E8B57;vamos
2437;Nacho;#2E8B57;tranqui
2438;Pixelito;#FF0000;se ve bien
2438;Nico;#1E90FF;buena onda el chat
2441;LucasDev;#FF7F50;todo bien regor?
2441;NightWolf;#8A2BE2;buena onda el chat
2442;Juancho;#1E90FF;de diez
2444;Nico;#FF0000;hola regor
2446;PixelMan;#FF7F50;xd
2446;Maxi;#2E8B57;justo a tiempo
2449;DarkLeo;#FF0000;todo perfecto
2457;PixelMan;#008000;presente üëã
2458;Mati;#9ACD32;ac√° andamos
2460;Tomi;#008000;ac√° andamos
2461;Maxi;#5F9EA0;buenas noches chat
2467;FedeGG;#8A2BE2;ac√° andamos
2467;Valen;#9ACD32;se llen√≥ r√°pido
2467;Pixelito;#FF0000;üòÖ
2474;PixelMan;#0000FF;activo el chat
2476;Seba;#0000FF;piola
2477;Agus;#00FF7F;√©pico
2481;Pablo;#5F9EA0;god
2481;Pablo;#D2691E;buena onda el chat
2485;User123;#00CED1;jajaja
2487;Cami;#2E8B57;buenas regor!
2487;PixelMan;#9ACD32;anda joya
2487;NeoX;#9ACD32;tremendo
2490;Pixelito;#FF69B4;de una
2490;Agus;#00CED1;ac√° andamos
2491;Cami;#FF69B4;audio ok
2493;LautiPlay;#DAA520;ey regor
2495;MiniMax;#1E90FF;jajaja
2498;GhostUser;#FF69B4;flama
2499;Seba;#2E8B57;hola gente
2500;GGPlayer;#D2691E;hola
2500;MiniMax;#FF7F50;buena onda el chat
2501;Seba;#8A2BE2;presente üëã
2502;GGPlayer;#00FF7F;tranqui
2503;Romi;#00FF7F;xd
2505;GhostUser;#5F9EA0;hola gente
2507;Tomi;#D2691E;de diez
2509;Seba;#9ACD32;presente üëã
2509;Facu;#FF69B4;piola
2510;PogMan;#5F9EA0;üòÇ
2511;GGPlayer;#D2691E;de una
2511;GhostUser;#1E90FF;buenas
2511;RandomGuy;#FF69B4;god
2512;Juancho;#008000;todo chill
2513;RandomGuy;#008000;sin lag
2513;PixelMan;#FF69B4;est√° live
2516;PixelMan;#B22222;audio ok
2517;Juancho;#0000FF;anda joya
2518;Santi;#D2691E;ya arranc√≥
2519;NeoX;#D2691E;tranqui
2520;Santi;#00FF7F;activo el chat
2520;GhostUser;#D2691E;se llen√≥ r√°pido
2520;Mati;#B22222;de una
2520;PogMan;#008000;jajaja
2520;KappaXD;#FF69B4;tranqui
2520;BlueFox;#8A2BE2;buenas regor!
2520;PogMan;#008000;presente üëã
2521;Santi;#1E90FF;pens√© que no llegaba
2522;Santi;#008000;üòÖ
2522;Romi;#2E8B57;presente üëã
2522;RandomGuy;#9ACD32;justo a tiempo
2522;Nacho;#FF7F50;activo el chat
2522;Romi;#D2691E;clean
2522;MiniMax;#00FF7F;va re fluido
2523;FedeGG;#008000;est√° live
2523;Santi;#1E90FF;todo bien regor?
2523;KappaXD;#008000;se llen√≥ r√°pido
2524;User123;#DAA520;video ok
2524;LautiPlay;#5F9EA0;vamos
2525;RegorFan;#2E8B57;de diez
2528;DarkLeo;#FF0000;todo chill
2528;User123;#00CED1;presente üëã
2529;PogMan;#FF0000;presente üëã
2530;Juancho;#D2691E;todo perfecto
2530;RedFire;#FF7F50;presente üëã
2530;Facu;#B22222;se ve bien
2531;Valen;#00CED1;se ve re bien
2531;Mati;#FF0000;notificaci√≥n gang üîî
2534;RandomGuy;#8A2BE2;hola regor
2535;Nico;#B22222;video ok
2537;KappaXD;#9ACD32;√©pico
2540;User123;#008000;ok
2542;KappaXD;#2E8B57;notificaci√≥n gang üîî
2545;Viewer_01;#FF7F50;pens√© que no llegaba
2545;Nico;#0000FF;se ve bien
2545;Nacho;#FF0000;clean
2547;User123;#00CED1;reci√©n entro
2549;GGPlayer;#B22222;de diez
2550;Nacho;#00FF7F;sin lag
2552;KappaXD;#B22222;se llen√≥ r√°pido
2555;Pixelito;#008000;vamos
2555;Maxi;#FF69B4;ya arranc√≥
2558;Valen;#FF7F50;hola
2558;RandomGuy;#2E8B57;tranqui
2563;Viewer_01;#FF69B4;üòÖ
2564;NightWolf;#9ACD32;vamo que arranc√≥
2568;RandomGuy;#B22222;activo el chat
2574;Juancho;#0000FF;todo chill
2575;Juancho;#5F9EA0;ey regor
2581;Seba;#0000FF;ya arranc√≥
2582;Seba;#8A2BE2;se ve re bien
2582;Mati;#8A2BE2;hola
2585;Pixelito;#1E90FF;notificaci√≥n gang üîî
2587;PogMan;#FF69B4;hay banda de gente
2588;FedeGG;#FF69B4;ac√° andamos
2591;Romi;#1E90FF;va re fluido
2591;MiniMax;#FF69B4;lindo setup
2594;Mati;#DAA520;qu√© onda
2595;Santi;#D2691E;tranqui
2602;GGPlayer;#FF7F50;de una
2602;MiniMax;#0000FF;tranqui
2611;NeoX;#0000FF;tranqui
2611;RegorFan;#00FF7F;flama
2613;Seba;#00FF7F;todo chill
2615;Santi;#9ACD32;se ve bien
2616;Facu;#0000FF;se llen√≥ r√°pido
2623;Romi;#0000FF;lindo setup
2623;Cami;#2E8B57;todo chill
2623;Viewer_01;#008000;tremendo
2625;NightWolf;#0000FF;vamos
2625;RedFire;#1E90FF;tranqui
2625;Facu;#B22222;vamos
2626;Pixelito;#B22222;anda joya
2626;MiniMax;#B22222;anda joya
2626;KappaXD;#2E8B57;ya arranc√≥
2628;Nacho;#2E8B57;tranqui
2628;Pablo;#0000FF;llegu√©
2628;Nico;#1E90FF;se ve bien
2628;FedeGG;#8A2BE2;chat activo hoy
2629;KappaXD;#8A2BE2;se llen√≥ r√°pido
2630;Facu;#008000;todo chill
2631;User123;#D2691E;hola regor
2631;Maxi;#FF69B4;hola
2631;Maxi;#8A2BE2;√©pico
2632;Pixelito;#00CED1;jajaja
2633;RedFire;#DAA520;buena onda el chat
2633;BlueFox;#008000;clean
2634;RedFire;#FF0000;lindo setup
2634;MiniMax;#00CED1;activo el chat
2635;Nacho;#DAA520;xd
2635;NightWolf;#8A2BE2;vamo que arranc√≥
2635;Santi;#FF7F50;buena onda el chat
2636;Tomi;#2E8B57;est√° live
2637;BlueFox;#FF7F50;buena onda el chat
2640;LautiPlay;#B22222;reci√©n entro
2642;LautiPlay;#DAA520;tranqui
2642;Maxi;#8A2BE2;de una
2652;LautiPlay;#FF7F50;√©pico
2653;DarkLeo;#8A2BE2;buenas noches chat
2658;BlueFox;#FF69B4;buena onda el chat
2660;Agus;#5F9EA0;buenas noches chat
2662;Cami;#008000;clean
2662;NeoX;#8A2BE2;vamos
2663;Nico;#B22222;buenas regor!
2663;NightWolf;#D2691E;activo el chat
2664;BlueFox;#D2691E;reci√©n entro
2666;MiniMax;#9ACD32;llegu√©
2667;FedeGG;#00CED1;se ve re bien
2670;GGPlayer;#FF7F50;presente üëã
2674;Speedy;#1E90FF;hola regor
2676;Seba;#FF7F50;piola
2677;Santi;#FF7F50;anda joya
2678;Nacho;#DAA520;buenas
2680;FedeGG;#FF7F50;joya
2682;Santi;#FF7F50;piola
2684;MiniMax;#00FF7F;de una
2685;User123;#5F9EA0;piola
2685;MiniMax;#008000;buenas regor!
2688;NightWolf;#00CED1;presente üëã
2688;BlueFox;#8A2BE2;va re fluido
2690;ChatLover;#DAA520;hola gente
2692;KappaXD;#1E90FF;hay banda de gente
2693;ChatLover;#FF0000;video ok
2697;User123;#9ACD32;buena onda el chat
2698;Pixelito;#00FF7F;presente üëã
2699;Juancho;#DAA520;ey regor
2700;Tomi;#FF0000;est√° live
2701;GGPlayer;#FF7F50;joya
2701;LucasDev;#FF69B4;buenas noches chat
2701;Pablo;#FF0000;√©pico
2702;DarkLeo;#9ACD32;flama
2702;LautiPlay;#FF7F50;üòÇ
2703;GGPlayer;#DAA520;se ve bien
2703;Cami;#8A2BE2;est√° live
2703;Valen;#FF7F50;ya arranc√≥
2705;Maxi;#DAA520;va re fluido
2706;Juancho;#FF69B4;ya arranc√≥
2707;FedeGG;#008000;vamos
2711;KappaXD;#1E90FF;hola
2712;User123;#00FF7F;est√° live
2713;GhostUser;#5F9EA0;vamo que arranc√≥
2713;GGPlayer;#9ACD32;va re fluido
2714;DarkLeo;#B22222;presente üëã
2716;KappaXD;#B22222;audio ok
2717;GhostUser;#FF7F50;video ok
2719;GhostUser;#D2691E;pens√© que no llegaba
2719;NightWolf;#008000;joya
2720;DarkLeo;#B22222;llegu√© justo
2720;BlueFox;#8A2BE2;pens√© que no llegaba
2721;Pixelito;#2E8B57;est√° live
2722;Santi;#D2691E;llegu√©
2724;DarkLeo;#2E8B57;buenas
2725;User123;#DAA520;video ok
2725;NightWolf;#00CED1;video ok
2728;User123;#008000;buenas
2731;Viewer_01;#8A2BE2;buenas noches chat
2732;Nico;#008000;va re fluido
2732;PixelMan;#8A2BE2;tremendo
2734;Juancho;#FF0000;se ve bien
2735;GGPlayer;#FF7F50;llegu√© justo
2740;ChatLover;#FF7F50;pens√© que no llegaba
2742;Romi;#2E8B57;joya
2744;Viewer_01;#D2691E;lindo setup
2745;Pablo;#FF69B4;llegu√©
2749;Nacho;#FF69B4;notificaci√≥n gang üîî
2751;Pixelito;#2E8B57;god
2751;ChatLover;#DAA520;hola regor
2752;DarkLeo;#2E8B57;buenas noches chat
2757;KappaXD;#0000FF;hola regor
2763;GGPlayer;#2E8B57;est√° live
2766;LautiPlay;#1E90FF;ey regor
2766;GhostUser;#0000FF;presente üëã
2768;PixelMan;#D2691E;se ve bien
2768;Mati;#FF69B4;activo el chat
2771;FedeGG;#2E8B57;jajaja
2771;Agus;#00CED1;joya
2773;Valen;#0000FF;sin lag
2776;FedeGG;#00FF7F;hola
2777;RedFire;#FF7F50;se ve re bien
2778;RegorFan;#9ACD32;qu√© onda
2779;User123;#FF0000;sin lag
2780;Mati;#1E90FF;hay banda de gente
2781;Mati;#5F9EA0;flama
2781;LucasDev;#5F9EA0;√©pico
2782;Nico;#FF69B4;hola regor
2783;KappaXD;#B22222;vamos
2783;RandomGuy;#FF7F50;video ok
2783;Pablo;#00CED1;hay banda de gente
2786;Agus;#8A2BE2;hola
2792;Valen;#8A2BE2;buenas noches chat
2793;Nacho;#8A2BE2;activo el chat
2796;RandomGuy;#00CED1;üòÖ
2797;Maxi;#2E8B57;hola regor
2798;User123;#FF69B4;buena onda el chat
2801;PogMan;#D2691E;piola
2803;Santi;#DAA520;notificaci√≥n gang üîî
2804;PogMan;#1E90FF;audio ok
2804;Agus;#0000FF;todo perfecto
2805;Mati;#B22222;se llen√≥ r√°pido
2805;Juancho;#00FF7F;jajaja
2809;Nacho;#2E8B57;activo el chat
2810;Agus;#5F9EA0;ya arranc√≥
2811;RandomGuy;#D2691E;notificaci√≥n gang üîî
2813;Santi;#DAA520;hola gente
2814;PixelMan;#5F9EA0;sin lag
2816;ChatLover;#FF69B4;hay banda de gente
2816;Facu;#5F9EA0;se ve bien
2819;Pablo;#2E8B57;hola regor
2821;User123;#5F9EA0;buenas regor!
2822;Pixelito;#D2691E;de diez
2824;NightWolf;#FF7F50;ac√° andamos
2824;Valen;#008000;chat activo hoy
2825;Romi;#D2691E;ey regor
2827;RandomGuy;#FF7F50;chat activo hoy
2829;PixelMan;#8A2BE2;hay banda de gente
2831;Santi;#FF0000;lindo setup
2833;MiniMax;#D2691E;ya arranc√≥
2834;Romi;#008000;pens√© que no llegaba
2837;Pablo;#FF7F50;llegu√©
2842;MiniMax;#0000FF;llegu√© justo
2843;GGPlayer;#00CED1;pens√© que no llegaba
2844;RandomGuy;#1E90FF;se ve bien
2845;Nacho;#B22222;reci√©n entro
2847;RedFire;#B22222;me perd√≠ mucho?
2847;NightWolf;#1E90FF;de una
2848;User123;#8A2BE2;se ve re bien
2850;BlueFox;#2E8B57;se ve re bien
2851;NightWolf;#D2691E;buenas
2852;Pixelito;#0000FF;qu√© onda
2854;Facu;#DAA520;justo a tiempo
2854;RedFire;#00CED1;va re fluido
2855;PogMan;#2E8B57;llegu√©
2856;FedeGG;#9ACD32;notificaci√≥n gang üîî
2856;GhostUser;#5F9EA0;hay banda de gente
2862;Romi;#008000;video ok
2862;Speedy;#1E90FF;justo a tiempo
2862;Viewer_01;#FF69B4;üòÇ
2863;Tomi;#FF7F50;se ve re bien
2863;Romi;#FF69B4;buenas noches chat
2863;Seba;#008000;de diez
2863;Tomi;#5F9EA0;buena onda el chat
2864;LautiPlay;#D2691E;piola
2864;Seba;#00FF7F;video ok
2864;RegorFan;#FF7F50;xd
2865;NightWolf;#008000;buenas noches chat
2865;Viewer_01;#2E8B57;vamo que arranc√≥
2866;NightWolf;#DAA520;todo chill
2867;Maxi;#2E8B57;va re fluido
2868;GhostUser;#FF69B4;anda joya
2868;GGPlayer;#2E8B57;buena onda el chat
2869;GGPlayer;#FF69B4;xd
2869;NeoX;#00FF7F;va re fluido
2870;RegorFan;#2E8B57;va re fluido
2871;Viewer_01;#00FF7F;üòÇ
2872;Agus;#8A2BE2;ey regor
2872;Tomi;#2E8B57;tremendo
2874;LautiPlay;#9ACD32;pens√© que no llegaba
2875;NightWolf;#FF0000;god
2876;Mati;#DAA520;de diez
2877;Maxi;#00FF7F;me perd√≠ mucho?
2878;RandomGuy;#0000FF;de diez
2880;PixelMan;#5F9EA0;vamos
2881;NeoX;#D2691E;llegu√© justo
2881;Facu;#00CED1;todo perfecto
2884;GhostUser;#8A2BE2;ey regor
2886;KappaXD;#FF69B4;god
2889;Speedy;#B22222;qu√© onda
2889;Viewer_01;#00FF7F;lindo setup
2889;Cami;#D2691E;hola regor
2889;Viewer_01;#D2691E;sin lag
2890;RedFire;#5F9EA0;piola
2891;User123;#FF7F50;notificaci√≥n gang üîî
2891;RedFire;#FF69B4;buenas
2893;PogMan;#8A2BE2;justo a tiempo
2893;Pixelito;#B22222;vamos
2895;PogMan;#B22222;todo bien regor?
2896;Mati;#D2691E;ey regor
2899;KappaXD;#8A2BE2;vamo que arranc√≥
2900;Viewer_01;#8A2BE2;justo a tiempo
2900;Tomi;#B22222;todo bien regor?
2900;BlueFox;#DAA520;video ok
2901;Juancho;#FF0000;anda joya
2902;Seba;#008000;vamo que arranc√≥
2903;Speedy;#00CED1;pens√© que no llegaba
2903;NeoX;#00CED1;presente üëã
2904;MiniMax;#DAA520;presente üëã
2905;Romi;#D2691E;me perd√≠ mucho?
2905;PixelMan;#9ACD32;ac√° andamos
2905;PogMan;#00FF7F;joya
2906;Santi;#00CED1;piola
2907;RegorFan;#FF69B4;presente üëã
2908;User123;#1E90FF;se ve bien
2908;Romi;#5F9EA0;sin lag
2908;NeoX;#5F9EA0;reci√©n entro
2909;ChatLover;#FF0000;joya
2910;RegorFan;#00CED1;ya arranc√≥
2910;PogMan;#00CED1;llegu√© justo
2911;Agus;#FF0000;hay banda de gente
2914;Pixelito;#FF69B4;tremendo
2915;Pixelito;#9ACD32;vamo que arranc√≥
2916;FedeGG;#FF0000;clean
2916;Pixelito;#FF0000;qu√© onda
2919;PogMan;#8A2BE2;ey regor
2920;Nico;#2E8B57;llegu√©
2920;DarkLeo;#9ACD32;presente üëã
2920;Speedy;#9ACD32;hay banda de gente
2922;Romi;#00FF7F;sin lag
2926;Nacho;#0000FF;flama
2930;NightWolf;#1E90FF;clean
2932;ChatLover;#9ACD32;va re fluido
2935;RedFire;#FF7F50;todo chill
2935;Viewer_01;#1E90FF;√©pico
2939;Pablo;#FF0000;buena onda el chat
2939;LucasDev;#00FF7F;se llen√≥ r√°pido
2944;LucasDev;#FF0000;de diez
2950;GGPlayer;#2E8B57;lindo setup
2952;Nico;#8A2BE2;flama
2952;LautiPlay;#2E8B57;xd
2954;Juancho;#FF0000;tranqui
2955;Facu;#1E90FF;√©pico
2956;Cami;#1E90FF;hola gente
2957;Pixelito;#9ACD32;activo el chat
2959;FedeGG;#0000FF;sin lag
2959;Viewer_01;#D2691E;est√° live
2961;LautiPlay;#008000;reci√©n entro
2962;User123;#0000FF;justo a tiempo
2962;Valen;#FF69B4;todo chill
2963;PixelMan;#00CED1;hola regor
2964;ChatLover;#00FF7F;notificaci√≥n gang üîî
2966;Santi;#00CED1;ya arranc√≥
2972;KappaXD;#0000FF;joya
2972;RandomGuy;#B22222;llegu√©
2975;User123;#8A2BE2;video ok
2977;Valen;#2E8B57;üòÇ
2980;Agus;#5F9EA0;pens√© que no llegaba
2983;Juancho;#1E90FF;ey regor
2983;Viewer_01;#D2691E;hola regor
2984;Facu;#00FF7F;hola
2987;PogMan;#00FF7F;activo el chat
2987;Nico;#9ACD32;ey regor
2989;Facu;#9ACD32;video ok
2990;Mati;#00CED1;de una
2991;Maxi;#2E8B57;ok
2991;Agus;#008000;√©pico
2992;DarkLeo;#FF69B4;ey regor
2995;Nico;#00CED1;piola
2995;Juancho;#008000;vamos
2996;Maxi;#9ACD32;video ok
3004;Nacho;#00CED1;buenas noches chat
3008;Tomi;#FF7F50;vamo que arranc√≥
3012;Juancho;#FF69B4;hola gente
3016;BlueFox;#D2691E;hola gente
3017;NeoX;#B22222;hola gente
3019;BlueFox;#FF7F50;de una
3021;LautiPlay;#8A2BE2;buenas noches chat
3024;NightWolf;#B22222;reci√©n entro
3025;Tomi;#2E8B57;ey regor
3026;Maxi;#B22222;buenas regor!
3032;Maxi;#FF7F50;ey regor
3032;LucasDev;#B22222;√©pico
3034;DarkLeo;#0000FF;todo chill
3036;Santi;#00CED1;va re fluido
3038;BlueFox;#DAA520;buena onda el chat
3039;Pixelito;#B22222;clean
3044;Pablo;#FF7F50;presente üëã
3046;Santi;#FF69B4;audio ok
3047;DarkLeo;#FF7F50;piola
3049;LautiPlay;#B22222;√©pico
3049;LautiPlay;#0000FF;llegu√©
3054;Nico;#00FF7F;llegu√©
3055;RandomGuy;#FF69B4;chat activo hoy
3056;Facu;#0000FF;√©pico
3060;GhostUser;#D2691E;joya
3063;GhostUser;#0000FF;de diez
3067;RegorFan;#2E8B57;üòÇ
3070;Romi;#FF0000;god
3072;Mati;#FF0000;god
3073;LautiPlay;#B22222;ac√° andamos
3077;RegorFan;#D2691E;tranqui
3079;Mati;#DAA520;√©pico
3084;Nacho;#0000FF;hay banda de gente
3085;Speedy;#9ACD32;llegu√© justo
3085;Pablo;#FF7F50;llegu√© justo
3089;Mati;#FF7F50;est√° live
3090;LucasDev;#2E8B57;todo perfecto
3092;Juancho;#2E8B57;anda joya
3093;BlueFox;#0000FF;de una
3098;BlueFox;#9ACD32;buena onda el chat
3101;RedFire;#00FF7F;piola
3101;Speedy;#00FF7F;qu√© onda
3104;Speedy;#DAA520;justo a tiempo
3104;Santi;#B22222;hay banda de gente
3111;Tomi;#00CED1;hay banda de gente
3114;Cami;#5F9EA0;me perd√≠ mucho?
3117;Maxi;#1E90FF;me perd√≠ mucho?
3122;RedFire;#FF0000;lindo setup
3124;RedFire;#8A2BE2;ya arranc√≥
3125;Viewer_01;#0000FF;se ve bien
3129;Cami;#FF0000;hola
3133;GGPlayer;#00CED1;ey regor
3134;MiniMax;#2E8B57;reci√©n entro
3136;Tomi;#1E90FF;ey regor
3138;PixelMan;#8A2BE2;notificaci√≥n gang üîî
3139;Pablo;#00FF7F;buenas noches chat
3144;ChatLover;#0000FF;tremendo
3145;PogMan;#DAA520;se ve re bien
3149;GGPlayer;#DAA520;god
3150;NightWolf;#2E8B57;todo bien regor?
3150;User123;#FF7F50;hola regor
3152;RandomGuy;#DAA520;de diez
3158;FedeGG;#D2691E;justo a tiempo
3159;Tomi;#008000;buenas
3164;FedeGG;#D2691E;de una
3164;GGPlayer;#1E90FF;√©pico
3165;Viewer_01;#FF0000;√©pico
3168;Cami;#008000;est√° live
3169;Agus;#1E90FF;qu√© onda
3170;ChatLover;#0000FF;me perd√≠ mucho?
3171;Nacho;#5F9EA0;ya arranc√≥
3173;LucasDev;#DAA520;anda joya
3173;Seba;#B22222;üòÖ
3178;LautiPlay;#5F9EA0;todo bien regor?
3185;Nico;#DAA520;clean
3189;Santi;#5F9EA0;activo el chat
3189;Nacho;#8A2BE2;god
3189;Viewer_01;#D2691E;activo el chat
3192;Romi;#DAA520;vamos
3197;ChatLover;#2E8B57;buenas
3199;Nico;#008000;audio ok
3201;Nico;#FF7F50;llegu√© justo
3201;GGPlayer;#00CED1;de una
3201;GGPlayer;#9ACD32;lindo setup
3203;Facu;#0000FF;clean
3204;KappaXD;#9ACD32;flama
3205;Juancho;#FF7F50;reci√©n entro
3206;Tomi;#DAA520;lindo setup
3207;RedFire;#0000FF;buenas
3209;Speedy;#00FF7F;piola
3210;Viewer_01;#0000FF;vamos
3210;Nacho;#FF0000;buenas noches chat
3211;NeoX;#B22222;lindo setup
3213;NeoX;#B22222;tranqui
3213;Agus;#5F9EA0;buena onda el chat
3213;KappaXD;#00FF7F;clean
3221;KappaXD;#FF69B4;üòÖ
3222;Speedy;#2E8B57;joya
3224;Mati;#008000;video ok
3224;Santi;#FF69B4;anda joya
3225;Seba;#D2691E;todo chill
3226;Pixelito;#DAA520;video ok
3226;User123;#2E8B57;todo perfecto
3229;Seba;#FF7F50;qu√© onda
3231;Seba;#D2691E;buenas
3231;Santi;#D2691E;hola regor
3235;Facu;#1E90FF;llegu√©
3236;NightWolf;#00FF7F;todo perfecto
3237;FedeGG;#FF0000;justo a tiempo
3237;Pablo;#D2691E;todo chill
3238;Pablo;#D2691E;se llen√≥ r√°pido
3239;Valen;#8A2BE2;qu√© onda
3240;Valen;#008000;piola
3241;RegorFan;#2E8B57;se ve bien
3248;PogMan;#B22222;hola regor
3249;Cami;#8A2BE2;lindo setup
3253;LucasDev;#00CED1;ac√° andamos
3254;RandomGuy;#B22222;todo perfecto
3255;BlueFox;#FF69B4;llegu√©
3256;Pablo;#1E90FF;ac√° andamos
3258;Facu;#FF69B4;tremendo
3260;GhostUser;#008000;üòÖ
3261;Nico;#FF7F50;qu√© onda
3264;GhostUser;#5F9EA0;jajaja
3266;Maxi;#5F9EA0;chat activo hoy
3268;KappaXD;#0000FF;de una
3275;Seba;#8A2BE2;ac√° andamos
3276;KappaXD;#1E90FF;joya
3278;Valen;#D2691E;god
3278;NeoX;#D2691E;hola
3280;Pixelito;#D2691E;notificaci√≥n gang üîî
3283;Mati;#008000;buenas
3283;Viewer_01;#FF69B4;se llen√≥ r√°pido
3285;PixelMan;#2E8B57;clean
3285;Seba;#8A2BE2;presente üëã
3288;GGPlayer;#DAA520;xd
3289;LucasDev;#FF0000;buenas
3290;RegorFan;#00FF7F;reci√©n entro
3293;RandomGuy;#D2691E;llegu√©
3294;Facu;#008000;hola gente
3296;RedFire;#FF69B4;vamo que arranc√≥
3301;User123;#00FF7F;piola
3302;LucasDev;#B22222;llegu√©
3313;RegorFan;#D2691E;ac√° andamos
3314;LucasDev;#B22222;ey regor
3314;DarkLeo;#FF0000;√©pico
3314;Cami;#9ACD32;llegu√© justo
3315;LucasDev;#2E8B57;todo perfecto
3318;Maxi;#B22222;de diez
3319;PixelMan;#1E90FF;sin lag
3319;Facu;#00CED1;buena onda el chat
3320;Mati;#1E90FF;reci√©n entro
3320;RedFire;#FF0000;hola regor
3321;FedeGG;#1E90FF;anda joya
3326;Tomi;#8A2BE2;vamo que arranc√≥
3329;NeoX;#2E8B57;flama
3332;Nico;#1E90FF;justo a tiempo
3334;Maxi;#FF7F50;qu√© onda
3338;Pablo;#9ACD32;todo chill
3338;Romi;#00FF7F;hola
3343;NightWolf;#B22222;ey regor
3346;DarkLeo;#D2691E;llegu√©
3349;Facu;#9ACD32;tranqui
3351;Nacho;#00FF7F;buenas noches chat
3357;RandomGuy;#DAA520;se llen√≥ r√°pido
3362;PixelMan;#1E90FF;üòÇ
3368;GhostUser;#FF69B4;vamos
3371;Mati;#FF7F50;va re fluido
3372;Agus;#8A2BE2;est√° live
3377;KappaXD;#00FF7F;üòÇ
3378;Agus;#1E90FF;√©pico
3380;Valen;#DAA520;buenas
3383;Romi;#B22222;üòÇ
3384;Mati;#FF7F50;hay banda de gente
3385;Agus;#0000FF;ya arranc√≥
3390;RegorFan;#9ACD32;de una
3392;PogMan;#00CED1;notificaci√≥n gang üîî
3392;NightWolf;#D2691E;me perd√≠ mucho?
3394;LucasDev;#5F9EA0;se llen√≥ r√°pido
3394;RandomGuy;#DAA520;video ok
3397;Viewer_01;#8A2BE2;buenas regor!
3397;Romi;#DAA520;justo a tiempo
3399;Nico;#FF7F50;piola
3403;Juancho;#FF0000;vamo que arranc√≥
3403;Agus;#008000;de una
3407;Tomi;#008000;flama
3408;MiniMax;#8A2BE2;qu√© onda
3415;Juancho;#D2691E;todo chill
3420;LautiPlay;#0000FF;anda joya
3430;Pablo;#00CED1;anda joya
3431;Maxi;#2E8B57;llegu√©
3437;Facu;#FF7F50;joya
3440;RegorFan;#B22222;video ok
3451;Pablo;#FF69B4;llegu√© justo
3455;MiniMax;#00CED1;video ok
3460;Maxi;#B22222;lindo setup
3463;Juancho;#9ACD32;xd
3465;GGPlayer;#2E8B57;tremendo
3465;GGPlayer;#D2691E;todo chill
3471;Pixelito;#00FF7F;üòÇ
3473;Maxi;#FF69B4;vamo que arranc√≥
3477;LucasDev;#FF69B4;todo perfecto
3478;PixelMan;#B22222;joya
3481;RedFire;#5F9EA0;se ve bien
3485;GGPlayer;#008000;audio ok
3486;LucasDev;#5F9EA0;üòÖ
3486;NeoX;#B22222;llegu√©
3487;Speedy;#FF0000;de diez
3489;Seba;#B22222;justo a tiempo
3491;Nico;#1E90FF;qu√© onda
3506;NeoX;#00CED1;tranqui
3508;NightWolf;#0000FF;se llen√≥ r√°pido
3514;NightWolf;#2E8B57;notificaci√≥n gang üîî
3515;Agus;#8A2BE2;joya
3517;Seba;#FF69B4;justo a tiempo
3518;BlueFox;#DAA520;god
3523;FedeGG;#DAA520;se ve bien
3527;RandomGuy;#8A2BE2;sin lag
3527;Agus;#5F9EA0;est√° live
3530;LucasDev;#D2691E;jajaja
3533;RegorFan;#9ACD32;llegu√©
3536;PixelMan;#9ACD32;sin lag
3537;LautiPlay;#00CED1;activo el chat
3538;LautiPlay;#DAA520;üòÖ
3542;NeoX;#00FF7F;va re fluido
3551;Nico;#2E8B57;audio ok
3553;Facu;#FF69B4;qu√© onda
3554;RedFire;#FF69B4;chat activo hoy
3555;Pixelito;#8A2BE2;god
3558;Tomi;#2E8B57;anda joya
3561;Santi;#008000;se ve bien
3570;GhostUser;#00CED1;est√° live
3570;Agus;#00CED1;god
3577;RandomGuy;#1E90FF;qu√© onda
3586;DarkLeo;#5F9EA0;sin lag
3589;LautiPlay;#FF7F50;todo bien regor?
3589;Valen;#008000;llegu√© justo
3590;RandomGuy;#DAA520;joya
3590;BlueFox;#0000FF;buenas
3611;Mati;#FF0000;sin lag
3614;Viewer_01;#0000FF;hola
3617;KappaXD;#DAA520;activo el chat
3617;RegorFan;#5F9EA0;jajaja
3620;Santi;#FF7F50;sin lag
3624;RandomGuy;#2E8B57;de diez
3625;Speedy;#FF0000;hola gente
3630;Pixelito;#FF0000;hay banda de gente
3631;FedeGG;#008000;va re fluido
3642;Nacho;#B22222;notificaci√≥n gang üîî
3642;Juancho;#0000FF;ac√° andamos
3643;Speedy;#00FF7F;flama
3644;Nico;#5F9EA0;todo perfecto
3646;FedeGG;#D2691E;notificaci√≥n gang üîî
3647;GhostUser;#9ACD32;audio ok
3649;Agus;#00CED1;god
3651;RandomGuy;#FF69B4;est√° live
3652;ChatLover;#00CED1;hola gente
3659;Romi;#2E8B57;anda joya
3661;Mati;#008000;de una
3665;Juancho;#008000;todo bien regor?
3666;NeoX;#B22222;tremendo
3680;BlueFox;#9ACD32;hola gente
3681;Facu;#DAA520;est√° live
3683;PogMan;#FF69B4;pens√© que no llegaba
3691;RandomGuy;#DAA520;est√° live
3691;GGPlayer;#B22222;buena onda el chat
3693;DarkLeo;#00FF7F;jajaja
3693;LucasDev;#B22222;piola
3696;Nacho;#1E90FF;ya arranc√≥
3698;Maxi;#2E8B57;se llen√≥ r√°pido
3707;Mati;#00CED1;se ve bien
3708;Pablo;#FF7F50;clean
3708;NightWolf;#00CED1;presente üëã
3708;Nacho;#9ACD32;me perd√≠ mucho?
3708;Valen;#0000FF;est√° live
3710;NeoX;#0000FF;ya arranc√≥
3713;Valen;#0000FF;est√° live
3714;LucasDev;#FF7F50;llegu√©
3716;ChatLover;#D2691E;flama
3720;RandomGuy;#5F9EA0;presente üëã
3724;Mati;#FF7F50;√©pico
3732;ChatLover;#FF0000;hay banda de gente
3738;NightWolf;#FF0000;llegu√©
3739;NeoX;#5F9EA0;llegu√©
3739;Nacho;#9ACD32;todo chill
3740;Romi;#5F9EA0;tranqui
3743;RegorFan;#0000FF;de diez
3744;Cami;#8A2BE2;tremendo
3747;RandomGuy;#2E8B57;llegu√© justo
3752;NightWolf;#D2691E;todo chill
3754;NeoX;#00CED1;jajaja
3763;Tomi;#DAA520;hay banda de gente
3764;Seba;#D2691E;sin lag
3772;Nacho;#00CED1;chat activo hoy
3773;Speedy;#FF7F50;flama
3775;Nacho;#D2691E;üòÇ
3775;Nico;#FF69B4;√©pico
3778;Nico;#00CED1;√©pico
3780;Nico;#00CED1;todo bien regor?
3786;DarkLeo;#00CED1;se llen√≥ r√°pido
3787;Pixelito;#9ACD32;ey regor
3789;Tomi;#0000FF;üòÇ
3789;BlueFox;#FF0000;vamo que arranc√≥
3789;Seba;#00FF7F;buenas
3790;Tomi;#0000FF;clean
3791;Nico;#9ACD32;reci√©n entro
3795;RedFire;#8A2BE2;üòÇ
3796;FedeGG;#FF7F50;se ve re bien
3796;Juancho;#1E90FF;anda joya
3798;Agus;#8A2BE2;va re fluido
3798;Cami;#0000FF;activo el chat
3801;LucasDev;#0000FF;vamos
3803;LucasDev;#9ACD32;hola regor
3804;Romi;#008000;ya arranc√≥
3809;FedeGG;#DAA520;todo perfecto
3810;DarkLeo;#9ACD32;reci√©n entro
3811;Viewer_01;#1E90FF;clean
3814;FedeGG;#D2691E;notificaci√≥n gang üîî
3816;RandomGuy;#00FF7F;anda joya
3820;DarkLeo;#8A2BE2;video ok
3823;Santi;#FF69B4;llegu√©
3825;Seba;#00FF7F;buenas noches chat
3829;NeoX;#FF0000;xd
3831;DarkLeo;#B22222;audio ok
3832;Valen;#2E8B57;ok
3834;GhostUser;#B22222;jajaja
3839;Speedy;#00CED1;buenas
3842;Valen;#2E8B57;sin lag
3844;Viewer_01;#9ACD32;se ve re bien
3846;Seba;#FF0000;llegu√©
3846;Juancho;#9ACD32;hay banda de gente
3852;Juancho;#8A2BE2;chat activo hoy
3853;FedeGG;#FF69B4;justo a tiempo
3856;User123;#5F9EA0;va re fluido
3857;Cami;#00CED1;hola
3859;ChatLover;#D2691E;notificaci√≥n gang üîî
3865;RedFire;#8A2BE2;llegu√©
3869;BlueFox;#00FF7F;lindo setup
3870;Valen;#00FF7F;video ok
3874;Tomi;#00CED1;reci√©n entro
3877;Viewer_01;#5F9EA0;piola
3878;Facu;#DAA520;üòÇ
3878;Romi;#FF69B4;jajaja
3878;MiniMax;#0000FF;joya
3881;Maxi;#00FF7F;notificaci√≥n gang üîî
3882;RegorFan;#B22222;√©pico
3887;PixelMan;#B22222;video ok
3889;Mati;#008000;hola
3889;BlueFox;#FF69B4;video ok
3891;ChatLover;#FF69B4;llegu√© justo
3891;RedFire;#FF7F50;clean
3892;PixelMan;#1E90FF;buenas
3893;RandomGuy;#FF7F50;tremendo
3895;RedFire;#B22222;chat activo hoy
3896;Viewer_01;#0000FF;ac√° andamos
3896;Nacho;#008000;buenas noches chat
3899;Pablo;#8A2BE2;xd
3900;Santi;#8A2BE2;video ok
3902;FedeGG;#00CED1;va re fluido
3902;ChatLover;#FF7F50;hola gente
3904;PixelMan;#B22222;chat activo hoy
3904;Seba;#1E90FF;activo el chat
3905;Cami;#00FF7F;god
3905;LucasDev;#FF7F50;todo perfecto
3905;Mati;#FF7F50;vamos
3905;FedeGG;#00FF7F;video ok
3906;Pablo;#008000;est√° live
3908;GGPlayer;#2E8B57;va re fluido
3908;FedeGG;#2E8B57;buenas
3909;NeoX;#FF7F50;sin lag
3912;KappaXD;#5F9EA0;presente üëã
3913;NightWolf;#00FF7F;buenas
3913;DarkLeo;#DAA520;hola gente
3915;Pablo;#00FF7F;presente üëã
3916;MiniMax;#FF7F50;presente üëã
3918;NightWolf;#5F9EA0;tremendo
3919;Maxi;#00FF7F;est√° live
3921;Pixelito;#FF69B4;todo bien regor?
3921;FedeGG;#0000FF;buenas
3921;User123;#8A2BE2;ey regor
3924;FedeGG;#FF0000;buenas
3926;Cami;#00FF7F;me perd√≠ mucho?
3926;MiniMax;#B22222;me perd√≠ mucho?
3927;Romi;#0000FF;todo perfecto
3928;NeoX;#5F9EA0;qu√© onda
3929;Maxi;#9ACD32;ac√° andamos
3929;Speedy;#5F9EA0;video ok
3931;Agus;#5F9EA0;est√° live
3932;KappaXD;#FF7F50;se ve re bien
3933;Facu;#B22222;hola gente
3934;Pixelito;#00CED1;joya
3935;Viewer_01;#FF0000;se ve re bien
3936;Mati;#008000;hola gente
3936;FedeGG;#DAA520;buenas regor!
3939;Valen;#0000FF;xd
3941;DarkLeo;#1E90FF;llegu√©
3943;ChatLover;#D2691E;clean
3945;Viewer_01;#FF7F50;joya
3947;Pixelito;#B22222;anda joya
3947;PixelMan;#2E8B57;hay banda de gente
3948;Pablo;#5F9EA0;sin lag
3948;Tomi;#00CED1;chat activo hoy
3949;NeoX;#FF69B4;flama
3949;Pablo;#8A2BE2;activo el chat
3956;NeoX;#008000;ya arranc√≥
3956;GGPlayer;#0000FF;todo perfecto
3957;Maxi;#9ACD32;de una
3961;GhostUser;#D2691E;activo el chat
3967;LautiPlay;#8A2BE2;ac√° andamos
3969;GGPlayer;#2E8B57;xd
3970;Viewer_01;#DAA520;piola
3970;BlueFox;#00CED1;se ve re bien
3981;Romi;#00FF7F;buena onda el chat
3981;RedFire;#FF7F50;ac√° andamos
3982;PogMan;#2E8B57;god
3983;DarkLeo;#9ACD32;vamos
3984;Seba;#B22222;lindo setup
3984;Maxi;#2E8B57;notificaci√≥n gang üîî
3985;BlueFox;#FF0000;me perd√≠ mucho?
3985;LucasDev;#B22222;est√° live
3986;Maxi;#5F9EA0;de diez
3988;Seba;#DAA520;activo el chat
3990;Viewer_01;#FF69B4;buenas regor!
3991;Facu;#9ACD32;buena onda el chat
3994;NeoX;#FF0000;√©pico
3994;Pablo;#B22222;audio ok
3994;Valen;#DAA520;llegu√©
3994;DarkLeo;#8A2BE2;video ok
3994;Juancho;#B22222;ey regor
3995;User123;#5F9EA0;flama
3995;GhostUser;#0000FF;piola
3996;KappaXD;#DAA520;todo chill
3997;Seba;#D2691E;me perd√≠ mucho?
3997;LucasDev;#5F9EA0;buenas
3998;RandomGuy;#00CED1;presente üëã
4001;KappaXD;#FF0000;chat activo hoy
4004;User123;#DAA520;va re fluido
4004;Mati;#DAA520;xd
4005;RandomGuy;#B22222;buenas noches chat
4007;Maxi;#FF0000;va re fluido
4008;Valen;#FF7F50;se ve bien
4008;Valen;#FF0000;anda joya
4009;Facu;#FF69B4;god
4010;Viewer_01;#8A2BE2;llegu√© justo
4010;DarkLeo;#D2691E;hola
4010;Valen;#DAA520;ey regor
4011;PogMan;#DAA520;flama
4011;Seba;#FF0000;hola regor
4011;LucasDev;#FF7F50;va re fluido
4012;Seba;#00CED1;piola
4012;Maxi;#00FF7F;god
4013;Valen;#FF7F50;video ok
4015;Romi;#00CED1;reci√©n entro
4017;Cami;#FF7F50;buena onda el chat
4017;PogMan;#9ACD32;llegu√©
4020;Santi;#00FF7F;ya arranc√≥
4020;Maxi;#00FF7F;hola regor
4020;Mati;#8A2BE2;se ve bien
4020;ChatLover;#00CED1;üòÇ
4021;BlueFox;#00CED1;ey regor
4021;Viewer_01;#00CED1;activo el chat
4021;Agus;#00CED1;activo el chat
4021;LucasDev;#FF7F50;piola
4022;Facu;#9ACD32;presente üëã
4022;PixelMan;#00CED1;ok
4022;NightWolf;#8A2BE2;ey regor
4023;Speedy;#DAA520;tranqui
4023;NeoX;#B22222;se ve bien
4024;Valen;#8A2BE2;activo el chat
4024;Nacho;#0000FF;reci√©n entro
4024;DarkLeo;#FF0000;chat activo hoy
4025;Viewer_01;#FF7F50;hola
4025;Nacho;#FF0000;audio ok
4025;GGPlayer;#9ACD32;sin lag
4026;RegorFan;#1E90FF;todo bien regor?
4026;User123;#DAA520;video ok
4026;NeoX;#2E8B57;ok
4026;RegorFan;#00FF7F;reci√©n entro
4027;LucasDev;#D2691E;est√° live
4027;Nico;#8A2BE2;hola
4027;Pablo;#00CED1;üòÖ
4027;Valen;#DAA520;llegu√©
4027;MiniMax;#B22222;notificaci√≥n gang üîî
4028;Mati;#FF7F50;se ve re bien
4028;Valen;#8A2BE2;buenas regor!
4028;Seba;#0000FF;se ve bien
4029;MiniMax;#00CED1;hay banda de gente
4029;Romi;#8A2BE2;hola regor
4029;Viewer_01;#00FF7F;se ve bien
4029;User123;#00FF7F;buenas
4030;NeoX;#0000FF;est√° live
4030;Juancho;#FF69B4;est√° live
4031;Juancho;#D2691E;jajaja
4031;MiniMax;#FF0000;buenas noches chat
4032;NightWolf;#5F9EA0;üòÇ
4032;FedeGG;#00FF7F;justo a tiempo
4034;Agus;#2E8B57;todo bien regor?
4034;Facu;#5F9EA0;video ok
4037;User123;#1E90FF;se ve bien
4038;ChatLover;#008000;buena onda el chat
4038;MiniMax;#0000FF;sin lag
4038;Valen;#1E90FF;üòÇ
4039;LautiPlay;#FF0000;llegu√©
4039;LucasDev;#FF7F50;se ve re bien
4041;FedeGG;#8A2BE2;est√° live
4042;DarkLeo;#DAA520;tranqui
4042;NeoX;#5F9EA0;justo a tiempo
4042;LautiPlay;#DAA520;clean
4043;Pablo;#9ACD32;se llen√≥ r√°pido
4043;Pablo;#FF69B4;ey regor
4044;LautiPlay;#008000;üòÖ
4045;Facu;#008000;chat activo hoy
4047;User123;#00CED1;buena onda el chat
4048;Juancho;#FF0000;llegu√©
4048;Maxi;#00CED1;tranqui
4048;PogMan;#008000;ac√° andamos
4051;Tomi;#0000FF;hola
4052;RegorFan;#9ACD32;qu√© onda
4054;Romi;#DAA520;ey regor
4055;Tomi;#5F9EA0;de una
4056;NightWolf;#1E90FF;activo el chat
4057;Nacho;#9ACD32;est√° live
4057;Speedy;#00CED1;vamo que arranc√≥
4058;Viewer_01;#00FF7F;de diez
4060;MiniMax;#1E90FF;hola regor
4061;GhostUser;#DAA520;est√° live
4064;Facu;#0000FF;chat activo hoy
4065;Maxi;#00FF7F;video ok
4065;Viewer_01;#00CED1;pens√© que no llegaba
4066;Cami;#1E90FF;√©pico
4066;Speedy;#00FF7F;notificaci√≥n gang üîî
4066;Cami;#FF0000;buenas regor!
4069;BlueFox;#008000;üòÇ
4069;Viewer_01;#5F9EA0;justo a tiempo
4070;Seba;#8A2BE2;hola regor
4072;GGPlayer;#00CED1;buenas
4074;PixelMan;#0000FF;todo bien regor?
4078;FedeGG;#5F9EA0;todo bien regor?
4078;Seba;#1E90FF;de diez
4080;Nico;#00CED1;buena onda el chat
4082;PixelMan;#5F9EA0;qu√© onda
4083;Seba;#D2691E;notificaci√≥n gang üîî
4084;Pablo;#8A2BE2;activo el chat
4084;Cami;#8A2BE2;lindo setup
4085;DarkLeo;#00FF7F;tranqui
4087;Pixelito;#DAA520;ey regor
4089;GGPlayer;#00CED1;üòÖ
4090;Viewer_01;#00FF7F;todo bien regor?
4090;ChatLover;#8A2BE2;üòÇ
4097;Nico;#2E8B57;lindo setup
4097;Facu;#00CED1;audio ok
4097;BlueFox;#00CED1;ac√° andamos
4099;Cami;#2E8B57;flama
4101;PogMan;#0000FF;lindo setup
4102;Romi;#FF0000;ac√° andamos
4102;Speedy;#5F9EA0;buenas
4102;Juancho;#5F9EA0;se llen√≥ r√°pido
4107;LautiPlay;#FF69B4;todo chill
4111;BlueFox;#D2691E;se llen√≥ r√°pido
4112;GhostUser;#FF7F50;todo perfecto
4113;Seba;#FF69B4;pens√© que no llegaba
4114;LautiPlay;#8A2BE2;va re fluido
4114;Santi;#00CED1;chat activo hoy
4116;Facu;#8A2BE2;justo a tiempo
4116;FedeGG;#008000;tremendo
4116;FedeGG;#008000;qu√© onda
4117;Pixelito;#00FF7F;sin lag
4124;PixelMan;#D2691E;clean
4126;BlueFox;#00FF7F;anda joya
4126;LucasDev;#00CED1;hay banda de gente
4126;Pixelito;#00CED1;qu√© onda
4128;Mati;#2E8B57;se llen√≥ r√°pido
4137;DarkLeo;#FF0000;buena onda el chat
4138;Cami;#9ACD32;hay banda de gente
4139;Mati;#00FF7F;god
4140;Santi;#008000;llegu√© justo
4141;FedeGG;#9ACD32;clean
4142;Pablo;#D2691E;notificaci√≥n gang üîî
4143;NightWolf;#0000FF;notificaci√≥n gang üîî
4143;NeoX;#FF7F50;buenas noches chat
4145;MiniMax;#1E90FF;√©pico
4148;User123;#9ACD32;audio ok
4150;RegorFan;#FF0000;todo chill
4150;Maxi;#5F9EA0;ok
4151;RandomGuy;#9ACD32;qu√© onda
4153;BlueFox;#FF0000;joya
4154;Speedy;#B22222;√©pico
4155;Nico;#DAA520;üòÇ
4158;Valen;#8A2BE2;piola
4159;Seba;#2E8B57;me perd√≠ mucho?
4159;Santi;#8A2BE2;clean
4161;Viewer_01;#FF0000;buenas noches chat
4162;LucasDev;#2E8B57;justo a tiempo
4163;Santi;#008000;de diez
4170;ChatLover;#DAA520;buenas
4170;Nico;#FF69B4;joya
4172;Pablo;#008000;se ve bien
4174;Viewer_01;#008000;me perd√≠ mucho?
4174;FedeGG;#FF69B4;activo el chat
4175;Santi;#D2691E;buenas
4178;NeoX;#1E90FF;vamos
4182;Pixelito;#B22222;reci√©n entro
4182;RandomGuy;#FF7F50;hay banda de gente
4184;KappaXD;#B22222;hay banda de gente
4187;Tomi;#DAA520;activo el chat
4187;GGPlayer;#B22222;video ok
4187;Facu;#5F9EA0;god
4188;Valen;#9ACD32;xd
4189;RandomGuy;#B22222;todo chill
4190;Pixelito;#B22222;√©pico
4192;Cami;#FF69B4;de una
4194;Nacho;#FF0000;xd
4195;RedFire;#2E8B57;√©pico
4195;Pablo;#D2691E;activo el chat
4195;Cami;#00FF7F;lindo setup
4197;KappaXD;#00CED1;üòÖ
4198;KappaXD;#FF0000;üòÖ
4205;User123;#8A2BE2;chat activo hoy
4206;Romi;#00FF7F;lindo setup
4206;Romi;#B22222;est√° live
4207;GhostUser;#B22222;llegu√© justo
4208;LucasDev;#FF0000;llegu√© justo
4217;Santi;#00FF7F;buena onda el chat
4217;KappaXD;#1E90FF;todo perfecto
4217;Santi;#FF69B4;buenas noches chat
4219;RegorFan;#2E8B57;todo bien regor?
4220;Mati;#008000;sin lag
4221;Seba;#FF69B4;justo a tiempo
4224;Pixelito;#FF0000;hola gente
4231;KappaXD;#FF7F50;hola
4234;Valen;#00FF7F;√©pico
4238;PogMan;#1E90FF;audio ok
4239;Pablo;#9ACD32;activo el chat
4246;FedeGG;#B22222;me perd√≠ mucho?
4247;Pablo;#8A2BE2;ac√° andamos
4250;PogMan;#FF69B4;pens√© que no llegaba
4253;Cami;#FF7F50;ey regor
4253;Mati;#FF0000;hola regor
4256;Speedy;#0000FF;qu√© onda
4265;DarkLeo;#2E8B57;üòÖ
4265;Viewer_01;#1E90FF;me perd√≠ mucho?
4265;ChatLover;#B22222;me perd√≠ mucho?
4267;Pixelito;#1E90FF;hola
4268;Agus;#0000FF;clean
4269;Speedy;#FF69B4;ey regor
4270;NeoX;#5F9EA0;se ve bien
4270;Speedy;#00FF7F;hay banda de gente
4272;Viewer_01;#FF0000;hola
4273;User123;#2E8B57;chat activo hoy
4273;RedFire;#FF7F50;lindo setup
4273;Cami;#2E8B57;de diez
4274;MiniMax;#2E8B57;reci√©n entro
4277;RandomGuy;#B22222;activo el chat
4278;GGPlayer;#D2691E;xd
4279;PixelMan;#00CED1;llegu√© justo
4282;Viewer_01;#00FF7F;god
4283;ChatLover;#1E90FF;buenas regor!
